clip,source_frame,ball_visible,review_basis,review_card
tennis__tennis_09.mp4,6962,false,current_frame_not_visible_after_three_frame_strip,review_cards_blind_retry/tennis__tennis_09_f006962_temporal_tiles_2x.jpg
tennis__tennis_09.mp4,7022,true,current_frame_visible_confirmed_by_three_frame_strip,review_cards_blind_retry/tennis__tennis_09_f007022_temporal_tiles_2x.jpg
tennis__tennis_09.mp4,7040,true,current_frame_visible_confirmed_by_three_frame_strip,review_cards_blind_retry/tennis__tennis_09_f007040_temporal_tiles_2x.jpg
tennis__tennis_09.mp4,7082,true,current_frame_visible_confirmed_by_three_frame_strip,review_cards_blind_retry/tennis__tennis_09_f007082_temporal_tiles_2x.jpg
tennis__tennis_09.mp4,7100,false,current_frame_not_visible_after_three_frame_strip,review_cards_blind_retry/tennis__tennis_09_f007100_temporal_tiles_2x.jpg
tennis__tennis_09.mp4,7112,true,current_frame_visible_confirmed_by_three_frame_strip,review_cards_blind_retry/tennis__tennis_09_f007112_temporal_tiles_2x.jpg
tennis__tennis_09.mp4,7148,true,current_frame_visible_confirmed_by_three_frame_strip,review_cards_blind_retry/tennis__tennis_09_f007148_temporal_tiles_2x.jpg
tennis__tennis_09.mp4,7166,true,current_frame_visible_confirmed_by_three_frame_strip,review_cards_blind_retry/tennis__tennis_09_f007166_temporal_tiles_2x.jpg
tennis__tennis_09.mp4,7172,true,current_frame_visible_confirmed_by_three_frame_strip,review_cards_blind_retry/tennis__tennis_09_f007172_temporal_tiles_2x.jpg
tennis__tennis_09.mp4,7184,true,current_frame_visible_confirmed_by_three_frame_strip,review_cards_blind_retry/tennis__tennis_09_f007184_temporal_tiles_2x.jpg
tennis__tennis_09.mp4,7196,true,current_frame_visible_confirmed_by_three_frame_strip,review_cards_blind_retry/tennis__tennis_09_f007196_temporal_tiles_2x.jpg
tennis__tennis_09.mp4,7208,true,current_frame_visible_confirmed_by_three_frame_strip,review_cards_blind_retry/tennis__tennis_09_f007208_temporal_tiles_2x.jpg
tennis__tennis_09.mp4,7220,true,current_frame_visible_confirmed_by_three_frame_strip,review_cards_blind_retry/tennis__tennis_09_f007220_temporal_tiles_2x.jpg
tennis__tennis_09.mp4,7226,true,current_frame_visible_confirmed_by_three_frame_strip,review_cards_blind_retry/tennis__tennis_09_f007226_temporal_tiles_2x.jpg
tennis__tennis_09.mp4,7232,true,current_frame_visible_confirmed_by_three_frame_strip,review_cards_blind_retry/tennis__tennis_09_f007232_temporal_tiles_2x.jpg
tennis__tennis_09.mp4,7256,true,current_frame_visible_confirmed_by_three_frame_strip,review_cards_blind_retry/tennis__tennis_09_f007256_temporal_tiles_2x.jpg
tennis__tennis_nyYk2nPZAwY_720p.mp4,33977,true,current_frame_visible_confirmed_by_three_frame_strip,review_cards_blind_retry/tennis__tennis_nyYk2nPZAwY_720p_f033977_temporal_tiles_2x.jpg
tennis__tennis_nyYk2nPZAwY_720p.mp4,33983,true,current_frame_visible_confirmed_by_three_frame_strip,review_cards_blind_retry/tennis__tennis_nyYk2nPZAwY_720p_f033983_temporal_tiles_2x.jpg
tennis__tennis_nyYk2nPZAwY_720p.mp4,33995,true,current_frame_visible_confirmed_by_three_frame_strip,review_cards_blind_retry/tennis__tennis_nyYk2nPZAwY_720p_f033995_temporal_tiles_2x.jpg
tennis__tennis_nyYk2nPZAwY_720p.mp4,34007,true,current_frame_visible_confirmed_by_three_frame_strip,review_cards_blind_retry/tennis__tennis_nyYk2nPZAwY_720p_f034007_temporal_tiles_2x.jpg
tennis__tennis_nyYk2nPZAwY_720p.mp4,34013,true,current_frame_visible_confirmed_by_three_frame_strip,review_cards_blind_retry/tennis__tennis_nyYk2nPZAwY_720p_f034013_temporal_tiles_2x.jpg
tennis__tennis_nyYk2nPZAwY_720p.mp4,34025,true,current_frame_visible_confirmed_by_three_frame_strip,review_cards_blind_retry/tennis__tennis_nyYk2nPZAwY_720p_f034025_temporal_tiles_2x.jpg
tennis__tennis_nyYk2nPZAwY_720p.mp4,34031,true,current_frame_visible_confirmed_by_three_frame_strip,review_cards_blind_retry/tennis__tennis_nyYk2nPZAwY_720p_f034031_temporal_tiles_2x.jpg
tennis__tennis_nyYk2nPZAwY_720p.mp4,34037,true,current_frame_visible_confirmed_by_three_frame_strip,review_cards_blind_retry/tennis__tennis_nyYk2nPZAwY_720p_f034037_temporal_tiles_2x.jpg
tennis__tennis_nyYk2nPZAwY_720p.mp4,34043,true,current_frame_visible_confirmed_by_three_frame_strip,review_cards_blind_retry/tennis__tennis_nyYk2nPZAwY_720p_f034043_temporal_tiles_2x.jpg
tennis__tennis_nyYk2nPZAwY_720p.mp4,34049,true,current_frame_visible_confirmed_by_three_frame_strip,review_cards_blind_retry/tennis__tennis_nyYk2nPZAwY_720p_f034049_temporal_tiles_2x.jpg
tennis__tennis_nyYk2nPZAwY_720p.mp4,34055,true,current_frame_visible_confirmed_by_three_frame_strip,review_cards_blind_retry/tennis__tennis_nyYk2nPZAwY_720p_f034055_temporal_tiles_2x.jpg
tennis__tennis_nyYk2nPZAwY_720p.mp4,34061,true,current_frame_visible_confirmed_by_three_frame_strip,review_cards_blind_retry/tennis__tennis_nyYk2nPZAwY_720p_f034061_temporal_tiles_2x.jpg
tennis__tennis_nyYk2nPZAwY_720p.mp4,34067,true,current_frame_visible_confirmed_by_three_frame_strip,review_cards_blind_retry/tennis__tennis_nyYk2nPZAwY_720p_f034067_temporal_tiles_2x.jpg
tennis__tennis_nyYk2nPZAwY_720p.mp4,34073,true,current_frame_visible_confirmed_by_three_frame_strip,review_cards_blind_retry/tennis__tennis_nyYk2nPZAwY_720p_f034073_temporal_tiles_2x.jpg
tennis__tennis_nyYk2nPZAwY_720p.mp4,34085,true,current_frame_visible_confirmed_by_three_frame_strip,review_cards_blind_retry/tennis__tennis_nyYk2nPZAwY_720p_f034085_temporal_tiles_2x.jpg
tennis__tennis_nyYk2nPZAwY_720p.mp4,34097,false,current_frame_not_visible_after_three_frame_strip,review_cards_blind_retry/tennis__tennis_nyYk2nPZAwY_720p_f034097_temporal_tiles_2x.jpg
tennis__tennis_nyYk2nPZAwY_720p.mp4,34103,true,current_frame_visible_confirmed_by_three_frame_strip,review_cards_blind_retry/tennis__tennis_nyYk2nPZAwY_720p_f034103_temporal_tiles_2x.jpg
tennis__tennis_nyYk2nPZAwY_720p.mp4,34109,true,current_frame_visible_confirmed_by_three_frame_strip,review_cards_blind_retry/tennis__tennis_nyYk2nPZAwY_720p_f034109_temporal_tiles_2x.jpg
tennis__tennis_nyYk2nPZAwY_720p.mp4,34121,true,current_frame_visible_confirmed_by_three_frame_strip,review_cards_blind_retry/tennis__tennis_nyYk2nPZAwY_720p_f034121_temporal_tiles_2x.jpg
tennis__tennis_nyYk2nPZAwY_720p.mp4,34127,true,current_frame_visible_confirmed_by_three_frame_strip,review_cards_blind_retry/tennis__tennis_nyYk2nPZAwY_720p_f034127_temporal_tiles_2x.jpg
tennis__tennis_nyYk2nPZAwY_720p.mp4,34133,true,current_frame_visible_confirmed_by_three_frame_strip,review_cards_blind_retry/tennis__tennis_nyYk2nPZAwY_720p_f034133_temporal_tiles_2x.jpg
tennis__tennis_nyYk2nPZAwY_720p.mp4,34139,true,current_frame_visible_confirmed_by_three_frame_strip,review_cards_blind_retry/tennis__tennis_nyYk2nPZAwY_720p_f034139_temporal_tiles_2x.jpg
tennis__tennis_nyYk2nPZAwY_720p.mp4,34145,true,current_frame_visible_confirmed_by_three_frame_strip,review_cards_blind_retry/tennis__tennis_nyYk2nPZAwY_720p_f034145_temporal_tiles_2x.jpg
tennis__tennis_nyYk2nPZAwY_720p.mp4,34151,true,current_frame_visible_confirmed_by_three_frame_strip,review_cards_blind_retry/tennis__tennis_nyYk2nPZAwY_720p_f034151_temporal_tiles_2x.jpg
