order,blind_filename,original_category,refinement,detail,label_stability_observation
2,blind_070.jpg,D,D1,Centre cross is on the ESPN score strip and bonus indicator.
3,blind_022.jpg,C,C1,Centre cross is on plain grey playing-court surface above the overlay.
4,blind_054.jpg,D,D1,Centre cross is on the ESPN score strip over the spectators.
6,blind_057.jpg,C,C1,Centre cross is on unmarked black painted playing-court surface.
7,blind_040.jpg,C,C2,Centre cross is on the white midcourt line.
16,blind_007.jpg,C,C1,Centre cross is on plain grey playing-court surface.
19,blind_004.jpg,D,D1,Centre cross is on the lower ESPN score and clock strip.
20,blind_043.jpg,C,C1,Centre cross is on plain reflective grey court near the sideline.
23,blind_008.jpg,C,C1,Centre cross is on plain grey playing-court surface inside the arc.
25,blind_017.jpg,D,D1,Centre cross is on the Indiana score panel in the lower overlay.
28,blind_024.jpg,D,D1,Centre cross is on the Indiana score panel in the lower overlay.
31,blind_005.jpg,C,C1,Centre cross is on plain grey playing-court surface above the overlay.
32,blind_045.jpg,D,D1,Centre cross is on the lower ESPN promotional ticker.
34,blind_037.jpg,D,D1,Centre cross is on the lower ESPN matchup ticker.
35,blind_028.jpg,C,C1,Centre cross is on plain grey playing-court surface.
41,blind_035.jpg,D,D1,Centre cross is on the lower ESPN promotional ticker.
46,blind_036.jpg,D,D1,Centre cross is on the Indiana score panel in the lower overlay.
47,blind_006.jpg,C,C1,Centre cross is on plain reflective grey court near the sideline.
49,blind_030.jpg,C,C5,Centre cross appears on a seated spectator rather than a floor feature.,Existing C verdict retained; the cross appears to meet a spectator head.
54,blind_026.jpg,C,C1,Centre cross is on plain grey playing-court surface beside the paint.
58,blind_053.jpg,C,C1,Centre cross is on plain grey court inside the sideline.
60,blind_011.jpg,C,C1,Centre cross is on unmarked black painted playing-court surface.
62,blind_027.jpg,D,D1,Centre cross is on the lower ESPN score and clock strip.
63,blind_038.jpg,D,D1,Centre cross is on the Atlanta score and clock strip.
65,blind_034.jpg,C,C1,Centre cross is on unmarked black painted playing-court surface.
67,blind_056.jpg,C,C1,Centre cross is on plain grey playing-court surface beside the paint.
68,blind_015.jpg,C,C1,Centre cross is on plain grey playing-court surface beside the paint.
70,blind_061.jpg,D,D1,Centre cross is on the Indiana score panel in the lower overlay.
71,blind_060.jpg,C,C3,Centre cross is on painted Indiana floor lettering in the lane.
72,blind_046.jpg,D,D1,Centre cross is on the lower ESPN promotional ticker.
