game_id,real_game_seq,n_ticks,encoded_date,et_first,et_last,ticker_date_known,covers_ticker_date,max_inning,last_home_score,last_away_score,last_market_prob,outcome
KXMLBGAME-26JUL011310TEXCLE,1,189,2026-07-01,2026-06-30T18:42:03-04:00,2026-06-30T20:19:37-04:00,True,False,7,2.0,3.0,0.51,1.0
KXMLBGAME-26JUL011310TEXCLE,2,366,2026-07-01,2026-07-01T13:09:16-04:00,2026-07-01T15:51:39-04:00,True,True,8,7.0,4.0,0.9749999999998834,1.0
KXMLBGAME-26JUL011335DETNYY,1,224,2026-07-01,2026-06-30T19:11:40-04:00,2026-06-30T21:38:39-04:00,True,False,9,2.0,9.0,0.5750000000000883,0.0
KXMLBGAME-26JUL011335DETNYY,2,279,2026-07-01,2026-07-01T13:39:20-04:00,2026-07-01T15:47:40-04:00,True,True,9,0.0,2.0,0.10499999999994984,0.0
KXMLBGAME-26JUL011335WSHBOS,1,337,2026-07-01,2026-06-30T19:11:09-04:00,2026-06-30T22:04:17-04:00,True,False,9,1.0,8.0,0.58,0.0
KXMLBGAME-26JUL011335WSHBOS,2,287,2026-07-01,2026-07-01T13:37:08-04:00,2026-07-01T16:19:18-04:00,True,True,8,1.0,10.0,0.015000000000531725,0.0
KXMLBGAME-26JUL011420SDCHC,1,386,2026-07-01,2026-06-30T20:04:26-04:00,2026-06-30T23:14:02-04:00,True,False,9,9.0,7.0,0.5449999999999542,1.0
KXMLBGAME-26JUL011420SDCHC,2,226,2026-07-01,2026-07-01T14:20:23-04:00,2026-07-01T16:00:53-04:00,True,True,5,10.0,2.0,0.9849999999994682,1.0
KXMLBGAME-26JUL011507NYMTOR,1,174,2026-07-01,2026-06-30T20:04:59-04:00,2026-06-30T21:34:50-04:00,True,False,9,0.0,3.0,0.49,1.0
KXMLBGAME-26JUL011507NYMTOR,2,365,2026-07-01,2026-07-01T15:00:57-04:00,2026-07-01T17:38:31-04:00,True,True,7,6.0,0.0,0.9849999999994682,1.0
KXMLBGAME-26JUL011840PITPHI,1,310,2026-07-01,2026-06-30T18:43:32-04:00,2026-06-30T21:18:42-04:00,True,False,9,8.0,0.0,0.56,1.0
KXMLBGAME-26JUL011840PITPHI,2,428,2026-07-01,2026-07-01T18:41:42-04:00,2026-07-01T21:54:27-04:00,True,True,9,10.0,6.0,0.9849999999994682,1.0
KXMLBGAME-26JUL011915STLATL,1,236,2026-07-01,2026-06-30T19:15:50-04:00,2026-06-30T21:18:09-04:00,True,False,7,1.0,5.0,0.55,1.0
KXMLBGAME-26JUL011915STLATL,2,283,2026-07-01,2026-07-01T19:15:43-04:00,2026-07-01T21:28:42-04:00,True,True,9,5.0,1.0,0.9849999999994682,1.0
KXMLBGAME-26JUL011940TBKC,1,285,2026-07-01,2026-06-30T19:39:44-04:00,2026-06-30T22:08:27-04:00,True,False,8,3.0,10.0,0.43499999999990363,0.0
KXMLBGAME-26JUL011940TBKC,2,245,2026-07-01,2026-07-01T19:40:06-04:00,2026-07-01T21:45:37-04:00,True,True,9,0.0,4.0,0.015000000000531725,0.0
KXMLBGAME-26JUL012010CINMIL,1,288,2026-07-01,2026-06-30T19:47:13-04:00,2026-06-30T22:12:38-04:00,True,False,9,7.0,2.0,0.61,1.0
KXMLBGAME-26JUL012010CINMIL,2,272,2026-07-01,2026-07-01T20:09:46-04:00,2026-07-01T22:22:49-04:00,True,True,7,3.0,2.0,0.81,1.0
KXMLBGAME-26JUL012010MINHOU,1,275,2026-07-01,2026-06-30T20:22:59-04:00,2026-06-30T22:42:21-04:00,True,False,9,6.0,4.0,0.5399999999999251,0.0
KXMLBGAME-26JUL012010MINHOU,2,284,2026-07-01,2026-07-01T20:10:42-04:00,2026-07-01T22:22:49-04:00,True,True,6,1.0,7.0,0.06499999999988525,0.0
KXMLBGAME-26JUL012040MIACOL,1,337,2026-07-01,2026-06-30T20:42:33-04:00,2026-06-30T23:24:28-04:00,True,False,8,2.0,13.0,0.4,1.0
KXMLBGAME-26JUL012040MIACOL,2,226,2026-07-01,2026-07-01T20:40:26-04:00,2026-07-01T22:22:49-04:00,True,True,7,5.0,3.0,0.8149999999998482,1.0
KXMLBGAME-26JUL012140SFAZ,1,227,2026-07-01,2026-06-30T21:40:17-04:00,2026-06-30T23:24:28-04:00,True,False,6,6.0,1.0,0.52,0.0
KXMLBGAME-26JUL012140SFAZ,2,86,2026-07-01,2026-07-01T21:41:49-04:00,2026-07-01T22:22:49-04:00,True,True,4,0.0,0.0,0.535000000000047,0.0
KXMLBGAME-26JUL021235PITPHI,1,310,2026-07-02,2026-06-30T18:43:32-04:00,2026-06-30T21:18:42-04:00,True,False,9,8.0,0.0,0.535000000000047,0.0
KXMLBGAME-26JUL021235PITPHI,2,424,2026-07-02,2026-07-01T18:41:42-04:00,2026-07-01T22:09:33-04:00,True,False,9,8.0,6.0,0.55,0.0
KXMLBGAME-26JUL021235PITPHI,3,348,2026-07-02,2026-07-02T12:34:14-04:00,2026-07-02T15:28:33-04:00,True,True,9,1.0,6.0,0.015000000000531725,0.0
KXMLBGAME-26JUL021410CINMIL,1,158,2026-07-02,2026-07-01T20:09:46-04:00,2026-07-01T22:22:49-04:00,True,False,7,3.0,2.0,0.6399999999998525,0.0
KXMLBGAME-26JUL021410CINMIL,2,295,2026-07-02,2026-07-02T14:11:20-04:00,2026-07-02T16:32:42-04:00,True,True,8,2.0,7.0,0.015000000000531725,0.0
KXMLBGAME-26JUL021510MIACOL,1,22,2026-07-02,2026-07-01T20:40:26-04:00,2026-07-01T21:41:49-04:00,True,False,4,1.0,2.0,0.45500000000004576,1.0
KXMLBGAME-26JUL021510MIACOL,2,233,2026-07-02,2026-07-02T15:10:38-04:00,2026-07-02T17:35:08-04:00,True,True,7,12.0,4.0,0.9849999999994682,1.0
KXMLBGAME-26JUL021915STLATL,1,324,2026-07-02,2026-07-01T19:16:05-04:00,2026-07-01T21:32:54-04:00,True,False,9,5.0,1.0,0.5250000000000091,0.0
KXMLBGAME-26JUL021915STLATL,2,341,2026-07-02,2026-07-02T19:16:02-04:00,2026-07-02T21:57:37-04:00,True,True,8,5.0,10.0,0.015000000000531725,0.0
KXMLBGAME-26JUL021940TBKC,1,189,2026-07-02,2026-07-01T19:49:22-04:00,2026-07-01T21:45:37-04:00,True,False,9,0.0,4.0,0.47499999999999093,0.0
KXMLBGAME-26JUL021940TBKC,2,272,2026-07-02,2026-07-02T19:40:47-04:00,2026-07-02T21:54:23-04:00,True,True,9,2.0,5.0,0.034999999999701416,0.0
KXMLBGAME-26JUL022005DETTEX,1,285,2026-07-02,2026-07-02T20:09:51-04:00,2026-07-02T23:05:41-04:00,True,True,8,9.0,4.0,0.9849999999994682,1.0
KXMLBGAME-26JUL022140LAASEA,1,157,2026-07-02,2026-06-30T21:41:25-04:00,2026-06-30T22:54:29-04:00,True,False,5,0.0,0.0,0.6049999999999788,1.0
KXMLBGAME-26JUL022140LAASEA,2,265,2026-07-02,2026-07-02T21:41:47-04:00,2026-07-03T00:09:29-04:00,True,True,9,1.0,0.0,0.8849999999995775,1.0
KXMLBGAME-26JUL022210SDLAD,1,328,2026-07-02,2026-07-02T22:30:50-04:00,2026-07-03T00:53:51-04:00,True,True,8,11.0,6.0,0.9849999999994682,1.0
KXMLBGAME-26JUL031605STLCHC,1,309,2026-07-03,2026-07-03T15:25:52-04:00,2026-07-03T17:51:32-04:00,True,True,5,0.0,11.0,0.015000000000531725,0.0
KXMLBGAME-26JUL031845PITWSH,1,282,2026-07-03,2026-07-03T18:47:43-04:00,2026-07-03T21:37:53-04:00,True,True,9,9.0,4.0,0.9849999999994682,1.0
KXMLBGAME-26JUL031905MINNYY,1,442,2026-07-03,2026-07-03T19:06:27-04:00,2026-07-03T22:36:11-04:00,True,True,9,5.0,2.0,0.9799999999994641,1.0
KXMLBGAME-26JUL031910BALCIN,1,277,2026-07-03,2026-07-03T19:10:07-04:00,2026-07-03T21:34:19-04:00,True,True,9,0.0,3.0,0.034999999999701416,0.0
KXMLBGAME-26JUL031915NYMATL,1,311,2026-07-03,2026-07-03T19:15:14-04:00,2026-07-03T21:56:09-04:00,True,True,9,5.0,3.0,0.9450000000004511,1.0
KXMLBGAME-26JUL032010SFCOL,1,186,2026-07-03,2026-07-03T20:15:07-04:00,2026-07-03T21:56:09-04:00,True,True,5,11.0,2.0,0.9849999999994682,1.0
KXMLBGAME-26JUL032015TBHOU,1,262,2026-07-03,2026-07-03T20:15:07-04:00,2026-07-03T22:29:29-04:00,True,True,9,1.0,3.0,0.07499999999963623,0.0
KXMLBGAME-26JUL032138BOSLAA,1,273,2026-07-03,2026-07-03T21:37:53-04:00,2026-07-04T00:05:18-04:00,True,True,9,2.0,5.0,0.025000000000116544,0.0
KXMLBGAME-26JUL032145MILAZ,1,270,2026-07-03,2026-07-03T21:46:24-04:00,2026-07-04T00:31:37-04:00,True,True,9,3.0,3.0,0.535000000000047,0.0
KXMLBGAME-26JUL032210SDLAD,1,391,2026-07-03,2026-07-02T22:30:50-04:00,2026-07-03T01:12:23-04:00,True,True,9,12.0,6.0,0.6949999999997953,1.0
KXMLBGAME-26JUL032210SDLAD,2,244,2026-07-03,2026-07-03T22:09:39-04:00,2026-07-04T00:31:37-04:00,True,True,9,4.0,3.0,0.9650000000002985,1.0
KXMLBGAME-26JUL032210TORSEA,1,233,2026-07-03,2026-07-03T22:09:39-04:00,2026-07-04T00:29:39-04:00,True,True,9,0.0,2.0,0.06499999999988525,0.0
KXMLBGAME-26JUL041105PITWSH,1,360,2026-07-04,2026-07-03T18:47:15-04:00,2026-07-03T21:41:58-04:00,True,False,9,9.0,5.0,0.40999999999989445,0.0
KXMLBGAME-26JUL041105PITWSH,2,157,2026-07-04,2026-07-04T11:08:14-04:00,2026-07-04T13:35:43-04:00,True,True,8,1.0,6.0,0.015000000000531725,0.0
KXMLBGAME-26JUL041335MINNYY,1,422,2026-07-04,2026-07-03T19:23:07-04:00,2026-07-03T22:42:08-04:00,True,False,9,5.0,2.0,0.6049999999999788,0.0
KXMLBGAME-26JUL041335MINNYY,2,139,2026-07-04,2026-07-04T13:40:33-04:00,2026-07-04T16:34:28-04:00,True,True,8,4.0,11.0,0.015000000000531725,0.0
KXMLBGAME-26JUL041605DETTEX,1,140,2026-07-04,2026-07-04T16:05:56-04:00,2026-07-04T18:28:58-04:00,True,True,9,0.0,3.0,0.015000000000531725,0.0
KXMLBGAME-26JUL041610TORSEA,1,263,2026-07-04,2026-07-03T22:09:39-04:00,2026-07-04T00:29:39-04:00,True,True,9,0.0,2.0,0.5950000000001153,1.0
KXMLBGAME-26JUL041610TORSEA,2,99,2026-07-04,2026-07-04T16:11:52-04:00,2026-07-04T17:52:26-04:00,True,True,6,7.0,0.0,0.9849999999994682,1.0
KXMLBGAME-26JUL041910BALCIN,1,315,2026-07-04,2026-07-03T19:10:07-04:00,2026-07-03T21:34:19-04:00,True,False,9,0.0,3.0,0.535000000000047,0.0
KXMLBGAME-26JUL041910BALCIN,2,159,2026-07-04,2026-07-04T19:10:21-04:00,2026-07-04T22:14:47-04:00,True,True,9,5.0,8.0,0.0400000000008611,0.0
KXMLBGAME-26JUL041910TBHOU,1,147,2026-07-04,2026-07-03T20:15:07-04:00,2026-07-03T21:23:29-04:00,True,False,5,0.0,0.0,0.5049999999999989,1.0
KXMLBGAME-26JUL041910TBHOU,2,161,2026-07-04,2026-07-04T19:11:22-04:00,2026-07-04T22:14:47-04:00,True,True,9,8.0,8.0,0.6849999999998286,1.0
KXMLBGAME-26JUL042008NYMATL,1,348,2026-07-04,2026-07-03T19:15:14-04:00,2026-07-03T21:57:42-04:00,True,False,9,5.0,3.0,0.6149999999999062,1.0
KXMLBGAME-26JUL042008NYMATL,2,126,2026-07-04,2026-07-04T20:10:20-04:00,2026-07-04T22:36:21-04:00,True,True,7,8.0,3.0,0.9849999999994682,1.0
KXMLBGAME-26JUL042008STLCHC,1,486,2026-07-04,2026-07-03T15:25:52-04:00,2026-07-03T19:05:59-04:00,True,False,9,1.0,17.0,0.5849999999999682,0.0
KXMLBGAME-26JUL042008STLCHC,2,249,2026-07-04,2026-07-04T19:35:45-04:00,2026-07-05T00:12:26-04:00,True,True,9,0.0,3.0,0.015000000000531725,0.0
KXMLBGAME-26JUL042010PHIKC,1,115,2026-07-04,2026-07-04T20:09:03-04:00,2026-07-04T22:26:24-04:00,True,True,8,1.0,6.0,0.015000000000531725,0.0
KXMLBGAME-26JUL042010SFCOL,1,240,2026-07-04,2026-07-03T20:15:07-04:00,2026-07-03T23:07:56-04:00,True,False,9,15.0,3.0,0.45500000000004576,0.0
KXMLBGAME-26JUL042010SFCOL,2,191,2026-07-04,2026-07-04T19:57:51-04:00,2026-07-04T23:47:50-04:00,True,True,9,4.0,6.0,0.025000000000116544,0.0
KXMLBGAME-26JUL042138BOSLAA,1,302,2026-07-04,2026-07-03T21:38:24-04:00,2026-07-04T00:05:18-04:00,True,True,9,2.0,5.0,0.40499999999988473,0.0
KXMLBGAME-26JUL042138BOSLAA,2,117,2026-07-04,2026-07-04T21:38:59-04:00,2026-07-04T23:50:26-04:00,True,True,8,1.0,7.0,0.015000000000531725,0.0
KXMLBGAME-26JUL042140MILAZ,1,318,2026-07-04,2026-07-03T21:46:24-04:00,2026-07-04T00:33:12-04:00,True,True,9,3.0,3.0,0.4249999999999118,1.0
KXMLBGAME-26JUL042140MILAZ,2,127,2026-07-04,2026-07-04T21:42:50-04:00,2026-07-05T00:14:41-04:00,True,True,9,4.0,3.0,0.9549999999996946,1.0
KXMLBGAME-26JUL042210SDLAD,1,7,2026-07-04,2026-07-03T00:08:10-04:00,2026-07-03T00:20:26-04:00,True,False,6,10.0,6.0,0.7049999999996712,1.0
KXMLBGAME-26JUL042210SDLAD,2,268,2026-07-04,2026-07-03T22:09:39-04:00,2026-07-04T00:33:12-04:00,True,True,9,4.0,3.0,0.6949999999997953,1.0
KXMLBGAME-26JUL042210SDLAD,3,128,2026-07-04,2026-07-04T22:10:51-04:00,2026-07-05T00:34:11-04:00,True,True,9,3.0,0.0,0.9849999999994682,1.0
KXMLBGAME-26JUL051230NYMATL,1,243,2026-07-05,2026-07-03T20:00:21-04:00,2026-07-03T21:57:42-04:00,True,False,9,5.0,3.0,0.535000000000047,0.0
KXMLBGAME-26JUL051230NYMATL,2,167,2026-07-05,2026-07-04T20:10:20-04:00,2026-07-04T23:13:42-04:00,True,False,9,14.0,3.0,0.53,0.0
KXMLBGAME-26JUL051230NYMATL,3,266,2026-07-05,2026-07-05T12:22:53-04:00,2026-07-05T17:19:40-04:00,True,True,9,9.0,10.0,0.26499999999984797,0.0
KXMLBGAME-26JUL051300PITWSH,1,188,2026-07-05,2026-07-04T11:08:14-04:00,2026-07-04T13:57:18-04:00,True,False,9,1.0,7.0,0.47499999999999093,0.0
KXMLBGAME-26JUL051300PITWSH,2,223,2026-07-05,2026-07-05T13:03:41-04:00,2026-07-05T16:22:36-04:00,True,True,9,5.0,9.0,0.015000000000531725,0.0
KXMLBGAME-26JUL051305BALCIN,1,176,2026-07-05,2026-07-04T19:10:21-04:00,2026-07-04T22:14:47-04:00,True,False,9,5.0,8.0,0.5049999999999989,1.0
KXMLBGAME-26JUL051305BALCIN,2,158,2026-07-05,2026-07-05T13:05:34-04:00,2026-07-05T15:49:48-04:00,True,True,9,3.0,2.0,0.8700000000000001,1.0
KXMLBGAME-26JUL051335MINNYY,1,22,2026-07-05,2026-07-03T22:07:11-04:00,2026-07-03T22:17:15-04:00,True,False,8,5.0,2.0,0.57,0.0
KXMLBGAME-26JUL051335MINNYY,2,132,2026-07-05,2026-07-04T13:39:59-04:00,2026-07-04T17:02:05-04:00,True,False,9,4.0,11.0,0.5650000000000963,0.0
KXMLBGAME-26JUL051335MINNYY,3,182,2026-07-05,2026-07-05T13:38:12-04:00,2026-07-05T16:21:49-04:00,True,True,8,0.0,6.0,0.015000000000531725,0.0
KXMLBGAME-26JUL051430STLCHC,1,258,2026-07-05,2026-07-04T19:35:45-04:00,2026-07-05T00:14:41-04:00,True,True,9,0.0,3.0,0.5750000000000883,1.0
KXMLBGAME-26JUL051430STLCHC,2,159,2026-07-05,2026-07-05T14:35:38-04:00,2026-07-05T17:16:40-04:00,True,True,9,6.0,4.0,0.98,1.0
KXMLBGAME-26JUL051500PHIKC,1,137,2026-07-05,2026-07-04T20:09:03-04:00,2026-07-04T22:45:32-04:00,True,False,9,1.0,6.0,0.43499999999990363,1.0
KXMLBGAME-26JUL051500PHIKC,2,138,2026-07-05,2026-07-05T15:04:42-04:00,2026-07-05T17:26:42-04:00,True,True,9,5.0,2.0,0.9799999999994641,1.0
KXMLBGAME-26JUL051530DETTEX,1,155,2026-07-05,2026-07-04T16:05:56-04:00,2026-07-04T18:31:05-04:00,True,False,9,0.0,3.0,0.5049999999999989,0.0
KXMLBGAME-26JUL051530DETTEX,2,158,2026-07-05,2026-07-05T15:35:24-04:00,2026-07-05T18:18:27-04:00,True,True,9,3.0,6.0,0.020000000000535888,0.0
KXMLBGAME-26JUL051530TBHOU,1,38,2026-07-05,2026-07-04T19:31:20-04:00,2026-07-04T21:11:15-04:00,True,False,7,5.0,8.0,0.44999999999999996,1.0
KXMLBGAME-26JUL051530TBHOU,2,144,2026-07-05,2026-07-05T15:36:17-04:00,2026-07-05T18:13:27-04:00,True,True,9,2.0,0.0,0.9849999999994682,1.0
KXMLBGAME-26JUL051600MILAZ,1,318,2026-07-05,2026-07-03T21:46:24-04:00,2026-07-04T00:33:12-04:00,True,False,9,3.0,3.0,0.4600000000000749,0.0
KXMLBGAME-26JUL051600MILAZ,2,144,2026-07-05,2026-07-04T21:42:50-04:00,2026-07-05T00:15:53-04:00,True,True,9,4.0,3.0,0.46499999999995306,0.0
KXMLBGAME-26JUL051600MILAZ,3,163,2026-07-05,2026-07-05T16:06:54-04:00,2026-07-05T18:57:44-04:00,True,True,9,2.0,3.0,0.05499999999954886,0.0
KXMLBGAME-26JUL051600SFCOL,1,175,2026-07-05,2026-07-03T21:12:45-04:00,2026-07-03T23:07:56-04:00,True,False,9,15.0,3.0,0.45000000000009327,1.0
KXMLBGAME-26JUL051600SFCOL,2,196,2026-07-05,2026-07-04T19:57:51-04:00,2026-07-04T23:49:07-04:00,True,False,9,4.0,6.0,0.45500000000004576,1.0
KXMLBGAME-26JUL051600SFCOL,3,158,2026-07-05,2026-07-05T16:06:54-04:00,2026-07-05T18:56:19-04:00,True,True,9,7.0,6.0,0.8950000000000502,1.0
KXMLBGAME-26JUL051700TORSEA,1,159,2026-07-05,2026-07-04T16:11:52-04:00,2026-07-04T18:39:34-04:00,True,False,9,11.0,0.0,0.57,1.0
KXMLBGAME-26JUL051700TORSEA,2,124,2026-07-05,2026-07-05T17:08:47-04:00,2026-07-05T19:06:23-04:00,True,True,8,3.0,0.0,0.9849999999994682,1.0
KXMLBGAME-26JUL051920SDLAD,1,226,2026-07-05,2026-07-03T22:09:39-04:00,2026-07-03T23:58:27-04:00,True,False,7,0.0,3.0,0.6549999999999996,0.0
KXMLBGAME-26JUL051920SDLAD,2,138,2026-07-05,2026-07-04T22:10:51-04:00,2026-07-05T00:38:51-04:00,True,True,9,3.0,0.0,0.6650000000002556,0.0
KXMLBGAME-26JUL051920SDLAD,3,173,2026-07-05,2026-07-05T19:21:25-04:00,2026-07-05T22:27:09-04:00,True,True,9,2.0,5.0,0.04500000000030549,0.0
KXMLBGAME-26JUL052130BOSLAA,1,151,2026-07-05,2026-07-04T21:38:59-04:00,2026-07-05T00:18:15-04:00,True,True,9,1.0,8.0,0.40999999999989445,0.0
KXMLBGAME-26JUL052130BOSLAA,2,65,2026-07-05,2026-07-05T21:34:56-04:00,2026-07-05T23:06:35-04:00,True,True,5,3.0,5.0,0.21499999999989589,0.0
KXMLBGAME-26JUL061410PHIKC,1,140,2026-07-06,2026-07-04T20:09:03-04:00,2026-07-04T22:45:32-04:00,True,False,9,1.0,6.0,0.3950000000000212,1.0
KXMLBGAME-26JUL061410PHIKC,2,155,2026-07-06,2026-07-05T15:04:42-04:00,2026-07-05T17:29:04-04:00,True,False,9,5.0,2.0,0.3850000000000938,1.0
KXMLBGAME-26JUL061410PHIKC,3,115,2026-07-06,2026-07-06T14:09:36-04:00,2026-07-06T16:27:47-04:00,True,True,6,10.0,1.0,0.9849999999994682,1.0
KXMLBGAME-26JUL061840NYYTB,1,117,2026-07-06,2026-07-06T18:39:39-04:00,2026-07-06T20:57:40-04:00,True,True,9,1.0,5.0,0.015000000000531725,0.0
KXMLBGAME-26JUL061845HOUWSH,1,133,2026-07-06,2026-07-06T18:47:46-04:00,2026-07-06T21:33:30-04:00,True,True,9,12.0,11.0,0.9549999999996946,1.0
KXMLBGAME-26JUL061915NYMATL,1,156,2026-07-06,2026-07-04T20:22:38-04:00,2026-07-04T23:15:00-04:00,True,False,9,14.0,3.0,0.5449999999999542,0.0
KXMLBGAME-26JUL061915NYMATL,2,339,2026-07-06,2026-07-05T12:22:53-04:00,2026-07-05T17:22:19-04:00,True,False,9,9.0,10.0,0.5449999999999542,0.0
KXMLBGAME-26JUL061915NYMATL,3,186,2026-07-06,2026-07-06T19:15:09-04:00,2026-07-06T22:57:55-04:00,True,True,10,6.0,7.0,0.26499999999984797,0.0
KXMLBGAME-26JUL061945MILSTL,1,138,2026-07-06,2026-07-06T19:45:12-04:00,2026-07-06T22:30:18-04:00,True,True,9,3.0,4.0,0.06499999999988525,0.0
KXMLBGAME-26JUL062140AZSD,1,86,2026-07-06,2026-07-06T21:42:11-04:00,2026-07-06T23:19:57-04:00,True,True,6,0.0,8.0,0.015000000000531725,0.0
KXMLBGAME-26JUL062145TORSF,1,82,2026-07-06,2026-07-06T21:49:22-04:00,2026-07-06T23:26:03-04:00,True,True,7,8.0,1.0,0.9849999999994682,1.0
KXMLBGAME-26JUL062210COLLAD,1,173,2026-07-06,2026-07-06T22:11:42-04:00,2026-07-07T01:31:33-04:00,True,True,11,7.0,7.0,0.8450000000001642,1.0
KXMLBGAME-26JUL071415MILSTLG1,1,1,2026-07-07,2026-07-06T19:57:28-04:00,2026-07-06T19:57:28-04:00,True,False,1,0.0,0.0,0.3749999999998461,0.0
KXMLBGAME-26JUL071415MILSTLG1,2,120,2026-07-07,2026-07-07T14:16:37-04:00,2026-07-07T16:53:56-04:00,True,True,9,3.0,4.0,0.04500000000030549,0.0
KXMLBGAME-26JUL071835CHCBAL,1,174,2026-07-07,2026-07-07T18:06:28-04:00,2026-07-07T21:46:58-04:00,True,True,7,2.0,4.0,0.13500000000008688,0.0
KXMLBGAME-26JUL071840ATLPIT,1,94,2026-07-07,2026-07-07T18:42:23-04:00,2026-07-07T20:34:26-04:00,True,True,6,10.0,2.0,0.9849999999994682,1.0
KXMLBGAME-26JUL071840NYYTB,1,91,2026-07-07,2026-07-06T18:39:39-04:00,2026-07-06T21:07:01-04:00,True,False,9,1.0,5.0,0.53,1.0
KXMLBGAME-26JUL071840NYYTB,2,128,2026-07-07,2026-07-07T18:40:06-04:00,2026-07-07T21:16:21-04:00,True,True,9,6.0,4.0,0.9849999999994682,1.0
KXMLBGAME-26JUL071840SEAMIA,1,136,2026-07-07,2026-07-07T18:41:14-04:00,2026-07-07T21:46:58-04:00,True,True,9,5.0,5.0,0.5950000000001153,1.0
KXMLBGAME-26JUL071845HOUWSH,1,153,2026-07-07,2026-07-06T18:47:46-04:00,2026-07-06T21:34:40-04:00,True,False,9,12.0,11.0,0.5250000000000091,0.0
KXMLBGAME-26JUL071845HOUWSH,2,125,2026-07-07,2026-07-07T18:47:17-04:00,2026-07-07T21:29:06-04:00,True,True,8,3.0,6.0,0.015000000000531725,0.0
KXMLBGAME-26JUL071910KCNYM,1,108,2026-07-07,2026-07-07T19:10:28-04:00,2026-07-07T22:39:51-04:00,True,True,9,12.0,16.0,0.034999999999701416,0.0
KXMLBGAME-26JUL071910PHICIN,1,106,2026-07-07,2026-07-07T19:12:18-04:00,2026-07-07T21:46:58-04:00,True,True,8,1.0,4.0,0.06999999999961583,0.0
KXMLBGAME-26JUL071940CLEMIN,1,77,2026-07-07,2026-07-07T19:45:21-04:00,2026-07-07T21:46:58-04:00,True,True,8,3.0,1.0,0.9350000000001147,1.0
KXMLBGAME-26JUL071945MILSTLG2,1,22,2026-07-07,2026-07-06T20:36:03-04:00,2026-07-06T21:57:38-04:00,True,False,7,3.0,4.0,0.37999999999999995,0.0
KXMLBGAME-26JUL071945MILSTLG2,2,145,2026-07-07,2026-07-07T14:16:37-04:00,2026-07-07T16:55:04-04:00,True,True,9,3.0,4.0,0.47499999999999093,0.0
KXMLBGAME-26JUL071945MILSTLG2,3,74,2026-07-07,2026-07-07T19:45:21-04:00,2026-07-07T21:46:58-04:00,True,True,7,2.0,8.0,0.015000000000531725,0.0
KXMLBGAME-26JUL072005LAATEX,1,60,2026-07-07,2026-07-07T20:08:23-04:00,2026-07-07T22:47:04-04:00,True,True,9,8.0,3.0,0.9849999999994682,1.0
KXMLBGAME-26JUL072140AZSD,1,128,2026-07-07,2026-07-06T21:42:11-04:00,2026-07-07T00:07:29-04:00,True,True,9,0.0,8.0,0.53,1.0
KXMLBGAME-26JUL072140AZSD,2,69,2026-07-07,2026-07-07T21:29:06-04:00,2026-07-08T00:04:17-04:00,True,True,9,4.0,1.0,0.9799999999994641,1.0
KXMLBGAME-26JUL072145TORSF,1,104,2026-07-07,2026-07-06T21:47:10-04:00,2026-07-06T23:51:12-04:00,True,False,9,10.0,1.0,0.49500000000000105,0.0
KXMLBGAME-26JUL072145TORSF,2,61,2026-07-07,2026-07-07T21:29:06-04:00,2026-07-07T23:53:46-04:00,True,True,8,3.0,8.0,0.015000000000531725,0.0
KXMLBGAME-26JUL072210COLLAD,1,184,2026-07-07,2026-07-06T22:11:42-04:00,2026-07-07T01:31:33-04:00,True,True,11,7.0,7.0,0.7049999999996712,0.0
KXMLBGAME-26JUL072210COLLAD,2,83,2026-07-07,2026-07-07T22:35:59-04:00,2026-07-08T00:27:28-04:00,True,True,9,3.0,4.0,0.2849999999996723,0.0
KXMLBGAME-26JUL081545TORSF,1,29,2026-07-08,2026-07-07T21:29:06-04:00,2026-07-08T00:09:55-04:00,True,True,9,3.0,9.0,0.49500000000000105,0.0
KXMLBGAME-26JUL081545TORSF,2,112,2026-07-08,2026-07-08T15:46:45-04:00,2026-07-08T17:46:06-04:00,True,True,8,0.0,5.0,0.015000000000531725,0.0
KXMLBGAME-26JUL081835CHCBAL,1,181,2026-07-08,2026-07-07T18:06:28-04:00,2026-07-07T21:46:58-04:00,True,False,7,2.0,4.0,0.5250000000000091,0.0
KXMLBGAME-26JUL081835CHCBAL,2,118,2026-07-08,2026-07-08T18:38:16-04:00,2026-07-08T21:32:16-04:00,True,True,9,7.0,9.0,0.015000000000531725,0.0
KXMLBGAME-26JUL081840ATLPIT,1,135,2026-07-08,2026-07-07T18:42:23-04:00,2026-07-07T21:19:30-04:00,True,False,9,12.0,4.0,0.535000000000047,0.0
KXMLBGAME-26JUL081840ATLPIT,2,84,2026-07-08,2026-07-08T18:41:34-04:00,2026-07-08T20:50:45-04:00,True,True,9,0.0,3.0,0.03,0.0
KXMLBGAME-26JUL081840NYYTB,1,136,2026-07-08,2026-07-07T18:40:06-04:00,2026-07-07T21:19:30-04:00,True,False,9,6.0,4.0,0.5449999999999542,1.0
KXMLBGAME-26JUL081840NYYTB,2,89,2026-07-08,2026-07-08T18:39:36-04:00,2026-07-08T20:50:45-04:00,True,True,8,3.0,0.0,0.9650000000002985,1.0
KXMLBGAME-26JUL081840SEAMIA,1,98,2026-07-08,2026-07-07T18:41:14-04:00,2026-07-07T21:29:06-04:00,True,False,8,5.0,5.0,0.44999999999999996,1.0
KXMLBGAME-26JUL081840SEAMIA,2,89,2026-07-08,2026-07-08T18:41:34-04:00,2026-07-08T20:50:45-04:00,True,True,9,2.0,0.0,0.9549999999996946,1.0
KXMLBGAME-26JUL081845HOUWSH,1,139,2026-07-08,2026-07-07T18:45:57-04:00,2026-07-07T21:46:58-04:00,True,False,9,3.0,6.0,0.5449999999999542,1.0
KXMLBGAME-26JUL081845HOUWSH,2,73,2026-07-08,2026-07-08T18:46:02-04:00,2026-07-08T21:09:12-04:00,True,True,8,8.0,2.0,0.9849999999994682,1.0
KXMLBGAME-26JUL081910KCNYM,1,116,2026-07-08,2026-07-07T19:12:18-04:00,2026-07-07T21:46:58-04:00,True,False,7,9.0,12.0,0.57,1.0
KXMLBGAME-26JUL081910KCNYM,2,98,2026-07-08,2026-07-08T19:12:02-04:00,2026-07-08T21:48:53-04:00,True,True,8,5.0,1.0,0.9849999999994682,1.0
KXMLBGAME-26JUL081910PHICIN,1,17,2026-07-08,2026-07-07T19:42:56-04:00,2026-07-07T20:00:13-04:00,True,False,3,0.0,3.0,0.51,1.0
KXMLBGAME-26JUL081910PHICIN,2,96,2026-07-08,2026-07-08T19:10:02-04:00,2026-07-08T21:58:03-04:00,True,True,8,11.0,4.0,0.9849999999994682,1.0
KXMLBGAME-26JUL081940CLEMIN,1,91,2026-07-08,2026-07-07T19:43:00-04:00,2026-07-07T21:46:58-04:00,True,False,8,3.0,1.0,0.5399999999999251,1.0
KXMLBGAME-26JUL081940CLEMIN,2,144,2026-07-08,2026-07-08T19:39:41-04:00,2026-07-08T22:58:59-04:00,True,True,9,5.0,5.0,0.7150000000003277,1.0
KXMLBGAME-26JUL081945MILSTL,1,112,2026-07-08,2026-07-07T14:16:37-04:00,2026-07-07T16:55:04-04:00,True,False,9,3.0,4.0,0.43999999999999995,1.0
KXMLBGAME-26JUL081945MILSTL,2,90,2026-07-08,2026-07-07T19:45:21-04:00,2026-07-07T21:46:58-04:00,True,False,7,2.0,8.0,0.44500000000003503,1.0
KXMLBGAME-26JUL081945MILSTL,3,96,2026-07-08,2026-07-08T19:43:45-04:00,2026-07-08T22:07:52-04:00,True,True,9,5.0,1.0,0.9849999999994682,1.0
KXMLBGAME-26JUL082005LAATEX,1,70,2026-07-08,2026-07-07T20:08:23-04:00,2026-07-07T22:48:40-04:00,True,False,9,8.0,3.0,0.59,0.0
KXMLBGAME-26JUL082005LAATEX,2,79,2026-07-08,2026-07-08T20:08:14-04:00,2026-07-08T22:10:33-04:00,True,True,6,0.0,9.0,0.015000000000531725,0.0
KXMLBGAME-26JUL082210AZSD,1,72,2026-07-08,2026-07-07T21:33:09-04:00,2026-07-08T00:07:43-04:00,True,True,9,4.0,1.0,0.57,1.0
KXMLBGAME-26JUL082210AZSD,2,119,2026-07-08,2026-07-08T22:11:36-04:00,2026-07-09T00:31:05-04:00,True,True,7,8.0,3.0,0.9849999999994682,1.0
KXMLBGAME-26JUL082210COLLAD,1,136,2026-07-08,2026-07-06T23:03:01-04:00,2026-07-07T01:31:33-04:00,True,False,11,7.0,7.0,0.6549999999999996,1.0
KXMLBGAME-26JUL082210COLLAD,2,84,2026-07-08,2026-07-07T22:35:59-04:00,2026-07-08T00:27:28-04:00,True,True,9,3.0,4.0,0.6750000000002581,1.0
KXMLBGAME-26JUL082210COLLAD,3,137,2026-07-08,2026-07-08T22:12:39-04:00,2026-07-09T00:35:31-04:00,True,True,9,4.0,3.0,0.9650000000002985,1.0
KXMLBGAME-26JUL091235ATLPIT,1,96,2026-07-09,2026-07-08T18:41:34-04:00,2026-07-08T20:50:45-04:00,True,False,9,0.0,3.0,0.4850000000000207,0.0
KXMLBGAME-26JUL091235ATLPIT,2,202,2026-07-09,2026-07-09T12:37:47-04:00,2026-07-09T16:18:59-04:00,True,True,9,5.0,10.0,0.015000000000531725,0.0
KXMLBGAME-26JUL091310KCNYM,1,125,2026-07-09,2026-07-08T19:10:02-04:00,2026-07-08T22:04:34-04:00,True,False,9,6.0,2.0,0.57,1.0
KXMLBGAME-26JUL091310KCNYM,2,111,2026-07-09,2026-07-09T13:06:46-04:00,2026-07-09T15:15:18-04:00,True,True,8,7.0,3.0,0.9849999999994682,1.0
KXMLBGAME-26JUL091310NYYTB,1,100,2026-07-09,2026-07-08T18:39:36-04:00,2026-07-08T20:52:07-04:00,True,False,8,3.0,0.0,0.57,0.0
KXMLBGAME-26JUL091310NYYTB,2,122,2026-07-09,2026-07-09T13:06:46-04:00,2026-07-09T15:25:29-04:00,True,True,7,4.0,10.0,0.015000000000531725,0.0
KXMLBGAME-26JUL091340CLEMIN,1,156,2026-07-09,2026-07-08T19:39:41-04:00,2026-07-08T23:00:04-04:00,True,False,9,6.0,5.0,0.45500000000004576,0.0
KXMLBGAME-26JUL091340CLEMIN,2,150,2026-07-09,2026-07-09T13:39:35-04:00,2026-07-09T16:01:10-04:00,True,True,9,2.0,5.0,0.015000000000531725,0.0
KXMLBGAME-26JUL091835CHCBAL,1,117,2026-07-09,2026-07-08T18:38:16-04:00,2026-07-08T21:32:16-04:00,True,False,9,7.0,9.0,0.535000000000047,1.0
KXMLBGAME-26JUL091835CHCBAL,2,145,2026-07-09,2026-07-09T13:36:56-04:00,2026-07-09T16:06:05-04:00,True,True,9,3.0,2.0,0.9250000000003638,1.0
KXMLBGAME-26JUL091840SEAMIA,1,98,2026-07-09,2026-07-08T18:41:34-04:00,2026-07-08T20:52:07-04:00,True,False,9,2.0,0.0,0.43999999999999995,1.0
KXMLBGAME-26JUL091840SEAMIA,2,179,2026-07-09,2026-07-09T18:41:45-04:00,2026-07-09T21:25:48-04:00,True,True,9,8.0,4.0,0.9849999999994682,1.0
KXMLBGAME-26JUL091910PHICIN,1,144,2026-07-09,2026-07-08T19:12:02-04:00,2026-07-08T22:24:01-04:00,True,False,9,11.0,5.0,0.4,0.0
KXMLBGAME-26JUL091910PHICIN,2,156,2026-07-09,2026-07-09T19:11:26-04:00,2026-07-09T21:23:21-04:00,True,True,9,0.0,1.0,0.25500000000012046,0.0
KXMLBGAME-26JUL091945MILSTL,1,103,2026-07-09,2026-07-08T19:47:04-04:00,2026-07-08T22:13:06-04:00,True,False,9,5.0,1.0,0.46499999999995306,0.0
KXMLBGAME-26JUL091945MILSTL,2,193,2026-07-09,2026-07-09T19:46:04-04:00,2026-07-09T22:24:52-04:00,True,True,9,4.0,8.0,0.015000000000531725,0.0
KXMLBGAME-26JUL092005LAATEX,1,133,2026-07-09,2026-07-08T20:08:14-04:00,2026-07-08T22:56:48-04:00,True,False,9,1.0,13.0,0.57,1.0
KXMLBGAME-26JUL092005LAATEX,2,211,2026-07-09,2026-07-09T20:07:26-04:00,2026-07-09T23:12:44-04:00,True,True,9,6.0,6.0,0.72,1.0
KXMLBGAME-26JUL092140AZSD,1,163,2026-07-09,2026-07-08T22:27:40-04:00,2026-07-09T01:07:19-04:00,True,True,9,10.0,4.0,0.535000000000047,0.0
KXMLBGAME-26JUL092140AZSD,2,167,2026-07-09,2026-07-09T21:40:53-04:00,2026-07-10T00:14:23-04:00,True,True,9,1.0,3.0,0.015000000000531725,0.0
KXMLBGAME-26JUL092145COLSF,1,160,2026-07-09,2026-07-09T21:46:04-04:00,2026-07-10T00:12:50-04:00,True,True,8,6.0,2.0,0.9849999999994682,1.0
KXMLBGAME-26JUL101840MILPIT,1,140,2026-07-10,2026-07-10T17:55:54-04:00,2026-07-10T20:12:18-04:00,True,True,1,0.0,0.0,0.535000000000047,1.0
KXMLBGAME-26JUL101840MILPIT,2,131,2026-07-10,2026-07-11T12:08:01-04:00,2026-07-11T14:54:22-04:00,True,False,9,7.0,6.0,0.7449999999998795,1.0
KXMLBGAME-26JUL101840PHIDET,1,106,2026-07-10,2026-07-10T18:41:16-04:00,2026-07-10T20:48:42-04:00,True,True,7,10.0,2.0,0.9849999999994682,1.0
KXMLBGAME-26JUL101845NYYWSH,1,297,2026-07-10,2026-07-10T18:09:40-04:00,2026-07-10T23:51:42-04:00,True,True,9,3.0,5.0,0.015000000000531725,0.0
KXMLBGAME-26JUL101905KCBAL,1,96,2026-07-10,2026-07-10T19:06:57-04:00,2026-07-10T21:24:24-04:00,True,True,9,5.0,3.0,0.9749999999998834,1.0
KXMLBGAME-26JUL101910CHCCIN,1,109,2026-07-10,2026-07-10T19:12:24-04:00,2026-07-10T21:39:34-04:00,True,True,8,4.0,0.0,0.9849999999994682,1.0
KXMLBGAME-26JUL101910CLEMIA,1,102,2026-07-10,2026-07-10T19:12:24-04:00,2026-07-10T21:32:57-04:00,True,True,9,2.0,3.0,0.09,0.0
KXMLBGAME-26JUL101910SEATB,1,104,2026-07-10,2026-07-10T19:10:04-04:00,2026-07-10T21:19:55-04:00,True,True,8,7.0,2.0,0.9849999999994682,1.0
KXMLBGAME-26JUL101915BOSNYM,1,214,2026-07-10,2026-07-10T18:21:57-04:00,2026-07-10T22:35:47-04:00,True,True,9,1.0,4.0,0.025000000000116544,0.0
KXMLBGAME-26JUL102005HOUTEX,1,111,2026-07-10,2026-07-10T20:08:06-04:00,2026-07-10T22:35:47-04:00,True,True,9,7.0,3.0,0.9799999999994641,1.0
KXMLBGAME-26JUL102010LAAMIN,1,116,2026-07-10,2026-07-10T20:10:51-04:00,2026-07-10T22:55:22-04:00,True,True,9,3.0,4.0,0.12500000000012318,0.0
KXMLBGAME-26JUL102015ATLSTL,1,204,2026-07-10,2026-07-10T20:16:49-04:00,2026-07-11T01:23:02-04:00,True,True,9,2.0,1.0,0.9650000000002985,1.0
KXMLBGAME-26JUL102140TORSD,1,136,2026-07-10,2026-07-10T21:42:21-04:00,2026-07-11T00:28:54-04:00,True,True,9,3.0,5.0,0.05499999999954886,0.0
KXMLBGAME-26JUL102210AZLAD,1,117,2026-07-10,2026-07-10T22:09:17-04:00,2026-07-11T00:28:54-04:00,True,True,8,2.0,8.0,0.015000000000531725,0.0
KXMLBGAME-26JUL102215COLSF,1,188,2026-07-10,2026-07-09T21:50:25-04:00,2026-07-10T00:32:50-04:00,True,True,9,8.0,2.0,0.5950000000001153,0.0
KXMLBGAME-26JUL102215COLSF,2,162,2026-07-10,2026-07-10T22:15:03-04:00,2026-07-11T01:52:46-04:00,True,True,9,3.0,4.0,0.3150000000001714,0.0
KXMLBGAME-26JUL111410LAAMIN,1,135,2026-07-11,2026-07-10T20:10:51-04:00,2026-07-10T22:55:58-04:00,True,False,9,3.0,4.0,0.6250000000001539,1.0
KXMLBGAME-26JUL111410LAAMIN,2,181,2026-07-11,2026-07-11T14:01:08-04:00,2026-07-11T17:15:13-04:00,True,True,9,5.0,3.0,0.9450000000004511,1.0
KXMLBGAME-26JUL111605COLSF,1,77,2026-07-11,2026-07-10T22:16:15-04:00,2026-07-11T01:16:59-04:00,True,True,9,2.0,3.0,0.5800000000001183,1.0
KXMLBGAME-26JUL111605COLSF,2,96,2026-07-11,2026-07-11T16:04:54-04:00,2026-07-11T18:19:50-04:00,True,True,9,4.0,2.0,0.9650000000002985,1.0
KXMLBGAME-26JUL111605MILPIT,1,55,2026-07-11,2026-07-10T19:15:51-04:00,2026-07-10T20:12:18-04:00,True,False,1,0.0,0.0,0.46499999999995306,1.0
KXMLBGAME-26JUL111605MILPIT,2,174,2026-07-11,2026-07-11T12:08:01-04:00,2026-07-11T14:57:24-04:00,True,True,9,7.0,6.0,0.44500000000003503,1.0
KXMLBGAME-26JUL111605MILPIT,3,62,2026-07-11,2026-07-11T17:06:57-04:00,2026-07-11T19:00:01-04:00,True,True,9,3.0,2.0,0.8500000000004466,1.0
KXMLBGAME-26JUL111605NYYWSH,1,230,2026-07-11,2026-07-10T19:15:51-04:00,2026-07-10T23:53:02-04:00,True,False,9,3.0,5.0,0.36500000000006355,0.0
KXMLBGAME-26JUL111605NYYWSH,2,124,2026-07-11,2026-07-11T16:04:54-04:00,2026-07-11T19:03:07-04:00,True,True,9,2.0,4.0,0.034999999999701416,0.0
KXMLBGAME-26JUL111610BOSNYM,1,184,2026-07-11,2026-07-10T19:15:51-04:00,2026-07-10T22:58:35-04:00,True,False,9,2.0,6.0,0.5650000000000963,0.0
KXMLBGAME-26JUL111610BOSNYM,2,120,2026-07-11,2026-07-11T16:11:55-04:00,2026-07-11T19:03:07-04:00,True,True,9,0.0,4.0,0.015000000000531725,0.0
KXMLBGAME-26JUL111610CLEMIA,1,115,2026-07-11,2026-07-10T19:15:51-04:00,2026-07-10T21:34:19-04:00,True,False,9,2.0,3.0,0.57,0.0
KXMLBGAME-26JUL111610CLEMIA,2,117,2026-07-11,2026-07-11T16:11:00-04:00,2026-07-11T18:56:56-04:00,True,True,9,1.0,4.0,0.025000000000116544,0.0
KXMLBGAME-26JUL111610SEATB,1,97,2026-07-11,2026-07-10T19:15:51-04:00,2026-07-10T21:32:57-04:00,True,False,9,7.0,2.0,0.52,1.0
KXMLBGAME-26JUL111610SEATB,2,119,2026-07-11,2026-07-11T16:06:06-04:00,2026-07-11T18:56:56-04:00,True,True,8,5.0,1.0,0.9849999999994682,1.0
KXMLBGAME-26JUL111810PHIDET,1,92,2026-07-11,2026-07-10T19:15:51-04:00,2026-07-10T21:14:59-04:00,True,False,9,10.0,2.0,0.44500000000003503,0.0
KXMLBGAME-26JUL111810PHIDET,2,101,2026-07-11,2026-07-11T18:10:43-04:00,2026-07-11T20:36:04-04:00,True,True,9,2.0,4.0,0.03,0.0
KXMLBGAME-26JUL111905HOUTEX,1,119,2026-07-11,2026-07-10T20:09:29-04:00,2026-07-10T22:37:14-04:00,True,False,9,7.0,3.0,0.53,0.0
KXMLBGAME-26JUL111905HOUTEX,2,91,2026-07-11,2026-07-11T19:10:19-04:00,2026-07-11T21:19:15-04:00,True,True,7,1.0,7.0,0.015000000000531725,0.0
KXMLBGAME-26JUL111905KCBAL,1,111,2026-07-11,2026-07-10T19:15:51-04:00,2026-07-10T21:25:50-04:00,True,False,9,5.0,3.0,0.5849999999999682,1.0
KXMLBGAME-26JUL111905KCBAL,2,79,2026-07-11,2026-07-11T19:05:55-04:00,2026-07-11T21:05:36-04:00,True,True,8,5.0,1.0,0.9849999999994682,1.0
KXMLBGAME-26JUL111910CHCCIN,1,124,2026-07-11,2026-07-10T19:15:51-04:00,2026-07-10T21:46:26-04:00,True,False,9,4.0,0.0,0.4850000000000207,0.0
KXMLBGAME-26JUL111910CHCCIN,2,113,2026-07-11,2026-07-11T19:11:48-04:00,2026-07-11T22:08:34-04:00,True,True,9,3.0,5.0,0.09500000000032009,0.0
KXMLBGAME-26JUL111915ATLSTL,1,260,2026-07-11,2026-07-10T20:16:49-04:00,2026-07-11T01:25:13-04:00,True,True,9,2.0,1.0,0.4850000000000207,1.0
KXMLBGAME-26JUL111915ATLSTL,2,88,2026-07-11,2026-07-11T19:16:21-04:00,2026-07-11T21:34:19-04:00,True,True,9,4.0,1.0,0.9749999999998834,1.0
KXMLBGAME-26JUL112040TORSD,1,148,2026-07-11,2026-07-10T21:42:21-04:00,2026-07-11T00:30:20-04:00,True,True,9,3.0,5.0,0.5250000000000091,1.0
KXMLBGAME-26JUL112040TORSD,2,115,2026-07-11,2026-07-11T20:40:59-04:00,2026-07-11T23:48:23-04:00,True,True,9,8.0,7.0,0.7899999999995788,1.0
KXMLBGAME-26JUL112110AZLAD,1,121,2026-07-11,2026-07-10T22:23:16-04:00,2026-07-11T01:04:21-04:00,True,True,9,3.0,9.0,0.71,0.0
KXMLBGAME-26JUL112110AZLAD,2,98,2026-07-11,2026-07-11T21:13:14-04:00,2026-07-11T23:36:24-04:00,True,True,8,2.0,9.0,0.015000000000531725,0.0
KXMLBGAME-26JUL121215MILPIT,1,116,2026-07-12,2026-07-11T12:19:13-04:00,2026-07-11T14:57:24-04:00,True,False,9,7.0,6.0,0.45500000000004576,1.0
KXMLBGAME-26JUL121215MILPIT,2,8,2026-07-12,2026-07-11T17:06:57-04:00,2026-07-11T17:15:13-04:00,True,False,4,0.0,0.0,0.45500000000004576,1.0
KXMLBGAME-26JUL121215MILPIT,3,74,2026-07-12,2026-07-12T12:18:15-04:00,2026-07-12T13:38:52-04:00,True,True,4,9.0,2.0,0.9849999999994682,1.0
KXMLBGAME-26JUL121335KCBAL,1,95,2026-07-12,2026-07-11T19:05:55-04:00,2026-07-11T21:19:15-04:00,True,False,9,6.0,1.0,0.5750000000000883,1.0
KXMLBGAME-26JUL121335KCBAL,2,98,2026-07-12,2026-07-12T13:38:52-04:00,2026-07-12T16:01:43-04:00,True,True,7,7.0,2.0,0.9849999999994682,1.0
KXMLBGAME-26JUL121335NYYWSH,1,36,2026-07-12,2026-07-10T20:00:18-04:00,2026-07-10T22:01:23-04:00,True,False,5,1.0,2.0,0.4699999999999821,0.0
KXMLBGAME-26JUL121335NYYWSH,2,90,2026-07-12,2026-07-11T16:04:54-04:00,2026-07-11T18:58:31-04:00,True,False,9,2.0,4.0,0.46499999999995306,0.0
KXMLBGAME-26JUL121335NYYWSH,3,114,2026-07-12,2026-07-12T13:36:02-04:00,2026-07-12T16:30:29-04:00,True,True,9,3.0,5.0,0.015000000000531725,0.0
KXMLBGAME-26JUL121340BOSNYM,1,118,2026-07-12,2026-07-11T16:11:55-04:00,2026-07-11T19:10:19-04:00,True,False,9,0.0,4.0,0.5300000000000179,0.0
KXMLBGAME-26JUL121340BOSNYM,2,106,2026-07-12,2026-07-12T13:43:04-04:00,2026-07-12T16:14:02-04:00,True,True,10,2.0,3.0,0.1150000000004227,0.0
KXMLBGAME-26JUL121340CHCCIN,1,37,2026-07-12,2026-07-10T20:59:37-04:00,2026-07-10T21:46:26-04:00,True,False,9,4.0,0.0,0.46,0.0
KXMLBGAME-26JUL121340CHCCIN,2,125,2026-07-12,2026-07-11T19:12:11-04:00,2026-07-11T22:10:22-04:00,True,False,9,3.0,5.0,0.4600000000000749,0.0
KXMLBGAME-26JUL121340CHCCIN,3,107,2026-07-12,2026-07-12T13:43:04-04:00,2026-07-12T16:33:32-04:00,True,True,9,4.0,8.0,0.015000000000531725,0.0
KXMLBGAME-26JUL121340CLEMIA,1,20,2026-07-12,2026-07-11T16:13:43-04:00,2026-07-11T17:44:38-04:00,True,False,5,0.0,2.0,0.5549999999999649,0.0
KXMLBGAME-26JUL121340CLEMIA,2,118,2026-07-12,2026-07-12T13:40:14-04:00,2026-07-12T16:35:08-04:00,True,True,9,1.0,5.0,0.015000000000531725,0.0
KXMLBGAME-26JUL121340PHIDET,1,107,2026-07-12,2026-07-11T18:10:43-04:00,2026-07-11T20:38:00-04:00,True,False,9,2.0,4.0,0.51,0.0
KXMLBGAME-26JUL121340PHIDET,2,102,2026-07-12,2026-07-12T13:41:14-04:00,2026-07-12T16:01:43-04:00,True,True,8,0.0,5.0,0.015000000000531725,0.0
KXMLBGAME-26JUL121340SEATB,1,70,2026-07-12,2026-07-10T20:05:21-04:00,2026-07-10T21:32:57-04:00,True,False,9,7.0,2.0,0.59,0.0
KXMLBGAME-26JUL121340SEATB,2,130,2026-07-12,2026-07-11T16:06:06-04:00,2026-07-11T19:07:23-04:00,True,False,9,6.0,1.0,0.5699999999999625,0.0
KXMLBGAME-26JUL121340SEATB,3,88,2026-07-12,2026-07-12T13:40:14-04:00,2026-07-12T15:42:04-04:00,True,True,7,0.0,7.0,0.015000000000531725,0.0
KXMLBGAME-26JUL121410LAAMIN,1,187,2026-07-12,2026-07-11T14:01:08-04:00,2026-07-11T17:16:50-04:00,True,False,9,5.0,3.0,0.56,1.0
KXMLBGAME-26JUL121410LAAMIN,2,93,2026-07-12,2026-07-12T14:10:56-04:00,2026-07-12T16:38:13-04:00,True,True,9,4.0,2.0,0.9849999999994682,1.0
KXMLBGAME-26JUL121415ATLSTL,1,137,2026-07-12,2026-07-10T20:16:49-04:00,2026-07-11T01:00:33-04:00,True,False,7,1.0,1.0,0.54,0.0
KXMLBGAME-26JUL121415ATLSTL,2,81,2026-07-12,2026-07-11T19:38:23-04:00,2026-07-11T21:36:14-04:00,True,False,9,4.0,1.0,0.5449999999999542,0.0
KXMLBGAME-26JUL121415ATLSTL,3,118,2026-07-12,2026-07-12T14:17:16-04:00,2026-07-12T17:16:15-04:00,True,True,9,3.0,4.0,0.025000000000116544,0.0
KXMLBGAME-26JUL121435HOUTEX,1,28,2026-07-12,2026-07-10T21:45:05-04:00,2026-07-10T22:27:30-04:00,True,False,8,7.0,3.0,0.5600000000000582,1.0
KXMLBGAME-26JUL121435HOUTEX,2,86,2026-07-12,2026-07-11T19:56:51-04:00,2026-07-11T22:04:43-04:00,True,False,9,3.0,9.0,0.5549999999999649,1.0
KXMLBGAME-26JUL121435HOUTEX,3,117,2026-07-12,2026-07-12T14:36:53-04:00,2026-07-12T17:34:12-04:00,True,True,9,5.0,5.0,0.774999999999719,1.0
KXMLBGAME-26JUL121605COLSF,1,46,2026-07-12,2026-07-10T22:16:15-04:00,2026-07-11T00:46:14-04:00,True,False,8,2.0,1.0,0.62,1.0
KXMLBGAME-26JUL121605COLSF,2,109,2026-07-12,2026-07-11T16:04:54-04:00,2026-07-11T18:22:15-04:00,True,False,9,4.0,2.0,0.5849999999999682,1.0
KXMLBGAME-26JUL121605COLSF,3,99,2026-07-12,2026-07-12T16:05:59-04:00,2026-07-12T18:26:52-04:00,True,True,9,3.0,1.0,0.9849999999994682,1.0
KXMLBGAME-26JUL121610AZLAD,1,153,2026-07-12,2026-07-10T22:10:38-04:00,2026-07-11T01:04:21-04:00,True,False,9,3.0,9.0,0.65,0.0
KXMLBGAME-26JUL121610AZLAD,2,118,2026-07-12,2026-07-11T21:11:24-04:00,2026-07-11T23:57:03-04:00,True,False,9,2.0,9.0,0.6650000000002556,0.0
KXMLBGAME-26JUL121610AZLAD,3,127,2026-07-12,2026-07-12T16:10:47-04:00,2026-07-12T19:02:46-04:00,True,True,9,3.0,5.0,0.034999999999701416,0.0
KXMLBGAME-26JUL121610TORSD,1,133,2026-07-12,2026-07-11T20:41:46-04:00,2026-07-11T23:50:04-04:00,True,False,9,8.0,7.0,0.46499999999995306,1.0
KXMLBGAME-26JUL121610TORSD,2,105,2026-07-12,2026-07-12T16:12:25-04:00,2026-07-12T18:41:54-04:00,True,True,9,5.0,4.0,0.8599999999999639,1.0
KXMLBGAME-26JUN191840CWSDET,1,4,2026-06-19,2026-06-19T20:51:03-04:00,2026-06-19T20:51:15-04:00,True,True,0,,,0.8700000000000001,1.0
KXMLBGAME-26JUN201310CWSDET,1,4,2026-06-20,2026-06-19T20:51:03-04:00,2026-06-19T20:51:15-04:00,True,False,0,,,0.57,1.0
KXMLBGAME-26JUN221910CHCNYM,1,156,2026-06-22,2026-06-24T13:12:17-04:00,2026-06-24T15:27:30-04:00,True,False,0,,,0.034999999999701416,0.0
KXMLBGAME-26JUN231607HOUTOR,1,734,2026-06-23,2026-06-23T16:08:45-04:00,2026-06-23T19:07:55-04:00,True,True,0,,,0.5549999999999649,0.0
KXMLBGAME-26JUN231840KCTB,1,334,2026-06-23,2026-06-23T18:39:55-04:00,2026-06-23T20:09:50-04:00,True,True,0,,,0.06499999999988525,0.0
KXMLBGAME-26JUN231840NYYDET,1,340,2026-06-23,2026-06-23T18:39:55-04:00,2026-06-23T20:09:50-04:00,True,True,0,,,0.32,0.0
KXMLBGAME-26JUN231840SEAPIT,1,324,2026-06-23,2026-06-23T18:41:02-04:00,2026-06-23T20:09:06-04:00,True,True,0,,,0.6949999999997953,0.0
KXMLBGAME-26JUN231840TEXMIA,1,340,2026-06-23,2026-06-23T18:40:28-04:00,2026-06-23T20:09:50-04:00,True,True,0,,,0.7649999999998506,1.0
KXMLBGAME-26JUN231845PHIWSH,1,312,2026-06-23,2026-06-23T18:46:04-04:00,2026-06-23T20:09:50-04:00,True,True,0,,,0.8749999999998768,0.0
KXMLBGAME-26JUN231910CHCNYM,1,194,2026-06-23,2026-06-23T19:21:08-04:00,2026-06-23T20:09:50-04:00,True,True,0,,,0.2350000000001494,0.0
KXMLBGAME-26JUN231910MILCIN,1,232,2026-06-23,2026-06-23T19:12:28-04:00,2026-06-23T20:09:50-04:00,True,True,0,,,0.55,0.0
KXMLBGAME-26JUN231940LADMIN,1,229,2026-06-23,2026-06-23T19:18:10-04:00,2026-06-23T20:09:50-04:00,True,True,0,,,0.37999999999999995,0.0
KXMLBGAME-26JUN231945AZSTL,1,99,2026-06-23,2026-06-23T19:46:03-04:00,2026-06-23T20:09:50-04:00,True,True,0,,,0.51,0.0
KXMLBGAME-26JUN241210TEXMIA,1,246,2026-06-24,2026-06-23T20:05:40-04:00,2026-06-24T14:37:42-04:00,True,True,0,,,0.9749999999998834,1.0
KXMLBGAME-26JUN241510BOSCOL,1,277,2026-06-24,2026-06-24T15:11:02-04:00,2026-06-24T17:48:20-04:00,True,True,0,,,0.9849999999994682,1.0
KXMLBGAME-26JUN241607BALLAA,1,370,2026-06-24,2026-06-24T16:08:08-04:00,2026-06-24T19:00:27-04:00,True,True,0,,,0.629999999999978,1.0
KXMLBGAME-26JUN241840KCTB,1,828,2026-06-24,2026-06-23T18:39:55-04:00,2026-06-24T20:23:18-04:00,True,True,0,,,0.8849999999995775,1.0
KXMLBGAME-26JUN241840NYYDET,1,855,2026-06-24,2026-06-23T18:39:55-04:00,2026-06-24T20:23:18-04:00,True,True,0,,,0.16500000000021517,0.0
KXMLBGAME-26JUN241840SEAPIT,1,726,2026-06-24,2026-06-23T18:43:15-04:00,2026-06-24T20:23:18-04:00,True,True,0,,,0.9450000000004511,1.0
KXMLBGAME-26JUN241845PHIWSH,1,777,2026-06-24,2026-06-23T18:46:04-04:00,2026-06-24T20:23:18-04:00,True,True,0,,,0.3150000000001714,0.0
KXMLBGAME-26JUN241910CHCNYM,1,442,2026-06-24,2026-06-23T19:21:38-04:00,2026-06-24T15:46:47-04:00,True,True,0,,,0.5049999999999989,0.0
KXMLBGAME-26JUN242040ATLSD,1,31,2026-06-24,2026-06-24T23:12:10-04:00,2026-06-24T23:17:40-04:00,True,True,0,,,0.9849999999994682,1.0
KXMLBGAME-26JUN251210KCTB,1,868,2026-06-25,2026-06-23T19:00:34-04:00,2026-06-25T13:36:14-04:00,True,True,0,,,0.9849999999994682,1.0
KXMLBGAME-26JUN251235SEAPIT,1,515,2026-06-25,2026-06-23T18:41:02-04:00,2026-06-25T15:06:32-04:00,True,True,0,,,0.9849999999994682,1.0
KXMLBGAME-26JUN251840HOUDET,1,260,2026-06-25,2026-06-25T18:41:21-04:00,2026-06-25T20:55:31-04:00,True,True,0,,,0.08,0.0
KXMLBGAME-26JUN251845PHIWSH,1,790,2026-06-25,2026-06-24T18:45:42-04:00,2026-06-25T21:36:45-04:00,True,True,0,,,0.025000000000116544,0.0
KXMLBGAME-26JUN251907TEXTOR,1,261,2026-06-25,2026-06-25T19:08:57-04:00,2026-06-25T21:27:43-04:00,True,True,0,,,0.034999999999701416,0.0
KXMLBGAME-26JUN251910CHCNYM,1,305,2026-06-25,2026-06-25T19:11:22-04:00,2026-06-25T21:57:22-04:00,True,True,0,,,0.6149999999999062,0.0
KXMLBGAME-26JUN251910NYYBOS,1,349,2026-06-25,2026-06-25T19:11:22-04:00,2026-06-25T22:09:40-04:00,True,True,0,,,0.90499999999968,1.0
KXMLBGAME-26JUN251945AZSTL,1,328,2026-06-25,2026-06-24T19:46:02-04:00,2026-06-25T20:30:18-04:00,True,True,0,,,0.5650000000000963,0.0
KXMLBGAME-26JUN261840CINPIT,1,286,2026-06-26,2026-06-26T18:41:47-04:00,2026-06-26T21:30:23-04:00,True,True,0,,,0.08500000000027585,0.0
KXMLBGAME-26JUN261840HOUDET,1,463,2026-06-26,2026-06-25T18:41:21-04:00,2026-06-26T20:29:03-04:00,True,True,0,,,0.9849999999994682,1.0
KXMLBGAME-26JUN261905WSHBAL,1,260,2026-06-26,2026-06-26T19:06:06-04:00,2026-06-26T21:39:50-04:00,True,True,0,,,0.9849999999994682,1.0
KXMLBGAME-26JUN261907TEXTOR,1,479,2026-06-26,2026-06-25T20:01:23-04:00,2026-06-26T21:54:59-04:00,True,True,0,,,0.18500000000015177,0.0
KXMLBGAME-26JUN261910AZTB,1,226,2026-06-26,2026-06-26T19:10:12-04:00,2026-06-26T21:23:52-04:00,True,True,0,,,0.98,1.0
KXMLBGAME-26JUN261910NYYBOS,1,612,2026-06-26,2026-06-25T19:11:22-04:00,2026-06-26T21:27:54-04:00,True,True,0,,,0.9849999999994682,1.0
KXMLBGAME-26JUN261910PHINYM,1,222,2026-06-26,2026-06-26T19:10:12-04:00,2026-06-26T21:18:49-04:00,True,True,0,,,0.14000000000003615,0.0
KXMLBGAME-26JUN261910SEACLE,1,256,2026-06-26,2026-06-26T19:11:49-04:00,2026-06-26T21:39:50-04:00,True,True,0,,,0.06499999999988525,0.0
KXMLBGAME-26JUN261945CHCMIL,1,300,2026-06-26,2026-06-26T19:46:32-04:00,2026-06-26T22:32:57-04:00,True,True,0,,,0.9849999999994682,1.0
KXMLBGAME-26JUN262010COLMIN,1,212,2026-06-26,2026-06-26T20:12:18-04:00,2026-06-26T22:47:45-04:00,True,True,0,,,0.18500000000015177,1.0
KXMLBGAME-26JUN262015MIASTL,1,284,2026-06-26,2026-06-26T20:15:23-04:00,2026-06-26T23:17:01-04:00,True,True,0,,,0.020000000000535888,0.0
KXMLBGAME-26JUN262145LADSD,1,265,2026-06-26,2026-06-26T21:46:40-04:00,2026-06-27T00:14:22-04:00,True,True,0,,,0.9849999999994682,1.0
KXMLBGAME-26JUN262215ATLSF,1,270,2026-06-26,2026-06-26T22:14:49-04:00,2026-06-27T00:43:54-04:00,True,True,0,,,0.07499999999963623,0.0
KXMLBGAME-26JUN271310HOUDET,1,711,2026-06-27,2026-06-25T19:05:36-04:00,2026-06-27T15:52:25-04:00,True,True,0,,,0.06499999999988525,0.0
KXMLBGAME-26JUN271310NYYBOS,1,523,2026-06-27,2026-06-26T19:10:48-04:00,2026-06-27T15:27:14-04:00,True,True,0,,,0.9849999999994682,1.0
KXMLBGAME-26JUN271507TEXTOR,1,442,2026-06-27,2026-06-26T20:57:38-04:00,2026-06-27T18:12:19-04:00,True,True,0,,,0.04500000000030549,0.0
KXMLBGAME-26JUN271605CINPIT,1,721,2026-06-27,2026-06-26T18:42:18-04:00,2026-06-27T19:40:46-04:00,True,True,0,,,0.09500000000032009,0.0
KXMLBGAME-26JUN271610PHINYM,1,691,2026-06-27,2026-06-26T19:10:12-04:00,2026-06-27T19:59:06-04:00,True,True,0,,,0.9849999999994682,1.0
KXMLBGAME-26JUN271810AZTB,1,521,2026-06-27,2026-06-26T19:10:12-04:00,2026-06-27T20:29:24-04:00,True,True,0,,,0.98,1.0
KXMLBGAME-26JUN271905WSHBAL,1,569,2026-06-27,2026-06-26T19:06:06-04:00,2026-06-27T21:45:37-04:00,True,True,9,3.0,3.0,0.5999999999999989,0.0
KXMLBGAME-26JUN271910CHCMIL,1,589,2026-06-27,2026-06-26T19:46:02-04:00,2026-06-27T21:30:35-04:00,True,True,9,2.0,7.0,0.015000000000531725,0.0
KXMLBGAME-26JUN271910COLMIN,1,525,2026-06-27,2026-06-26T20:22:11-04:00,2026-06-27T21:38:38-04:00,True,True,8,2.0,8.0,0.015000000000531725,0.0
KXMLBGAME-26JUN271910SEACLE,1,496,2026-06-27,2026-06-26T19:11:49-04:00,2026-06-27T21:48:04-04:00,True,True,9,4.0,3.0,0.86,1.0
KXMLBGAME-26JUN271915MIASTL,1,619,2026-06-27,2026-06-26T20:15:23-04:00,2026-06-27T21:50:00-04:00,True,True,9,1.0,5.0,0.025000000000116544,0.0
KXMLBGAME-26JUN272040LADSD,1,445,2026-06-27,2026-06-26T21:53:32-04:00,2026-06-27T23:09:01-04:00,True,True,8,3.0,10.0,0.015000000000531725,0.0
KXMLBGAME-26JUN272105ATLSF,1,492,2026-06-27,2026-06-26T22:15:18-04:00,2026-06-27T22:56:17-04:00,True,True,8,5.0,0.0,0.9849999999994682,1.0
KXMLBGAME-26JUN281335CINPIT,1,744,2026-06-28,2026-06-27T16:25:24-04:00,2026-06-28T17:36:43-04:00,True,True,9,9.0,4.0,0.9849999999994682,1.0
KXMLBGAME-26JUN281335WSHBAL,1,294,2026-06-28,2026-06-27T19:06:19-04:00,2026-06-27T21:46:06-04:00,True,False,9,3.0,3.0,0.6349999999999364,0.0
KXMLBGAME-26JUN281335WSHBAL,2,242,2026-06-28,2026-06-28T13:44:47-04:00,2026-06-28T16:26:17-04:00,True,True,9,4.0,6.0,0.1150000000004227,0.0
KXMLBGAME-26JUN281337TEXTOR,1,496,2026-06-28,2026-06-27T15:19:39-04:00,2026-06-28T16:21:24-04:00,True,True,9,2.0,3.0,0.1800000000000071,0.0
KXMLBGAME-26JUN281340AZTB,1,355,2026-06-28,2026-06-26T20:00:52-04:00,2026-06-28T16:05:14-04:00,True,True,9,5.0,1.0,0.9849999999994682,1.0
KXMLBGAME-26JUN281340HOUDET,1,444,2026-06-28,2026-06-27T14:14:17-04:00,2026-06-28T16:26:50-04:00,True,True,9,3.0,3.0,0.6049999999999788,0.0
KXMLBGAME-26JUN281340PHINYM,1,827,2026-06-28,2026-06-27T15:27:43-04:00,2026-06-28T16:43:02-04:00,True,True,9,4.0,5.0,0.14499999999982377,0.0
KXMLBGAME-26JUN281340SEACLE,1,378,2026-06-28,2026-06-26T20:00:52-04:00,2026-06-27T21:50:00-04:00,True,False,9,4.0,3.0,0.5049999999999989,1.0
KXMLBGAME-26JUN281340SEACLE,2,306,2026-06-28,2026-06-28T13:44:47-04:00,2026-06-28T16:59:59-04:00,True,True,9,6.0,4.0,0.7899999999995788,1.0
KXMLBGAME-26JUN281410CHCMIL,1,91,2026-06-28,2026-06-27T19:10:12-04:00,2026-06-27T20:36:16-04:00,True,False,6,2.0,2.0,0.5950000000001153,0.0
KXMLBGAME-26JUN281410CHCMIL,2,247,2026-06-28,2026-06-28T14:12:51-04:00,2026-06-28T16:41:30-04:00,True,True,9,1.0,1.0,0.6250000000001539,0.0
KXMLBGAME-26JUN281410COLMIN,1,294,2026-06-28,2026-06-27T19:13:08-04:00,2026-06-27T21:49:02-04:00,True,False,9,2.0,8.0,0.59,1.0
KXMLBGAME-26JUN281410COLMIN,2,230,2026-06-28,2026-06-28T14:10:46-04:00,2026-06-28T16:35:22-04:00,True,True,9,3.0,2.0,0.9250000000003638,1.0
KXMLBGAME-26JUN281415MIASTL,1,266,2026-06-28,2026-06-27T19:16:32-04:00,2026-06-27T21:36:39-04:00,True,False,8,1.0,5.0,0.5650000000000963,1.0
KXMLBGAME-26JUN281415MIASTL,2,211,2026-06-28,2026-06-28T14:16:00-04:00,2026-06-28T16:32:11-04:00,True,True,9,2.0,1.0,0.9650000000002985,1.0
KXMLBGAME-26JUN281605ATLSF,1,509,2026-06-28,2026-06-26T22:35:51-04:00,2026-06-27T23:08:06-04:00,True,False,9,5.0,0.0,0.40499999999988473,1.0
KXMLBGAME-26JUN281605ATLSF,2,254,2026-06-28,2026-06-28T16:04:41-04:00,2026-06-28T18:28:24-04:00,True,True,9,3.0,2.0,0.90499999999968,1.0
KXMLBGAME-26JUN281610LADSD,1,298,2026-06-28,2026-06-27T00:17:47-04:00,2026-06-27T23:05:19-04:00,True,False,7,3.0,10.0,0.43499999999990363,0.0
KXMLBGAME-26JUN281610LADSD,2,288,2026-06-28,2026-06-28T16:10:05-04:00,2026-06-28T18:54:33-04:00,True,True,9,2.0,4.0,0.05499999999954886,0.0
KXMLBGAME-26JUN281920NYYBOS,1,440,2026-06-28,2026-06-27T13:37:27-04:00,2026-06-28T21:56:59-04:00,True,True,9,2.0,2.0,0.6250000000001539,1.0
KXMLBGAME-26JUN301840PITPHI,1,230,2026-06-30,2026-06-30T18:44:03-04:00,2026-06-30T20:48:45-04:00,True,True,8,5.0,0.0,0.9849999999994682,1.0
KXMLBGAME-26JUN301840TEXCLE,1,219,2026-06-30,2026-06-30T18:42:03-04:00,2026-06-30T20:45:56-04:00,True,True,9,2.0,4.0,0.07499999999963623,0.0
KXMLBGAME-26JUN301905DETNYY,1,205,2026-06-30,2026-06-30T19:11:09-04:00,2026-06-30T21:14:53-04:00,True,True,7,2.0,9.0,0.015000000000531725,0.0
KXMLBGAME-26JUN301907NYMTOR,1,258,2026-06-30,2026-06-30T19:07:29-04:00,2026-06-30T21:34:50-04:00,True,True,9,0.0,3.0,0.025000000000116544,0.0
KXMLBGAME-26JUN301910WSHBOS,1,275,2026-06-30,2026-06-30T19:11:09-04:00,2026-06-30T21:55:21-04:00,True,True,8,1.0,8.0,0.015000000000531725,0.0
KXMLBGAME-26JUN301915STLATL,1,299,2026-06-30,2026-06-30T19:15:50-04:00,2026-06-30T22:03:45-04:00,True,True,9,3.0,5.0,0.0799999999997612,0.0
KXMLBGAME-26JUN301940CINMIL,1,269,2026-06-30,2026-06-30T19:40:16-04:00,2026-06-30T22:03:45-04:00,True,True,8,7.0,2.0,0.9849999999994682,1.0
KXMLBGAME-26JUN301940TBKC,1,252,2026-06-30,2026-06-30T19:39:12-04:00,2026-06-30T22:08:27-04:00,True,True,8,3.0,10.0,0.015000000000531725,0.0
KXMLBGAME-26JUN302005SDCHC,1,352,2026-06-30,2026-06-30T20:04:26-04:00,2026-06-30T23:13:04-04:00,True,True,9,9.0,7.0,0.9849999999994682,1.0
KXMLBGAME-26JUN302010MINHOU,1,260,2026-06-30,2026-06-30T20:10:36-04:00,2026-06-30T22:42:21-04:00,True,True,9,6.0,4.0,0.9849999999994682,1.0
KXMLBGAME-26JUN302040MIACOL,1,225,2026-06-30,2026-06-30T20:42:33-04:00,2026-06-30T23:02:22-04:00,True,True,7,2.0,10.0,0.015000000000531725,0.0
KXMLBGAME-26JUN302140LAASEA,1,199,2026-06-30,2026-06-30T21:41:25-04:00,2026-06-30T23:24:28-04:00,True,True,6,1.0,0.0,0.8550000000001763,1.0
KXMLBGAME-26JUN302140SFAZ,1,188,2026-06-30,2026-06-30T21:40:17-04:00,2026-06-30T23:24:28-04:00,True,True,6,7.0,1.0,0.9650000000002985,1.0
