"table_id","tracking_csv","recoverability_bucket","evidence_code"
"0022400625","data/tracking/0022400625/tracking_data.csv","NOT_RECOVERABLE","LEGACY_MANIFEST_FRAME_IDX"
"0022400687","data/tracking/0022400687/tracking_data.csv","NOT_RECOVERABLE","NO_AUDITABLE_DENOMINATOR"
"0022400690","data/tracking/0022400690/tracking_data.csv","NOT_RECOVERABLE","NO_AUDITABLE_DENOMINATOR"
"0022400710","data/tracking/0022400710/tracking_data.csv","NOT_RECOVERABLE","NO_AUDITABLE_DENOMINATOR"
"0022400852","data/tracking/0022400852/tracking_data.csv","NOT_RECOVERABLE","LEGACY_MANIFEST_NEGATIVE"
"0022400909","data/tracking/0022400909/tracking_data.csv","NOT_RECOVERABLE","NO_AUDITABLE_DENOMINATOR"
"0022400923","data/tracking/0022400923/tracking_data.csv","NOT_RECOVERABLE","NO_AUDITABLE_DENOMINATOR"
"0022401156","data/tracking/0022401156/tracking_data.csv","NOT_RECOVERABLE","NO_AUDITABLE_DENOMINATOR"
"0022401183","data/tracking/0022401183/tracking_data.csv","NOT_RECOVERABLE","LEGACY_MANIFEST_FRAME_IDX"
"0022401185","data/tracking/0022401185/tracking_data.csv","NOT_RECOVERABLE","LEGACY_MANIFEST_FRAME_IDX"
"0022401190","data/tracking/0022401190/tracking_data.csv","NOT_RECOVERABLE","NO_AUDITABLE_DENOMINATOR"
"0022401194","data/tracking/0022401194/tracking_data.csv","NOT_RECOVERABLE","NO_AUDITABLE_DENOMINATOR"
"0022401196","data/tracking/0022401196/tracking_data.csv","NOT_RECOVERABLE","NO_AUDITABLE_DENOMINATOR"
"0022401198","data/tracking/0022401198/tracking_data.csv","NOT_RECOVERABLE","NO_AUDITABLE_DENOMINATOR"
"0022500002","data/tracking/0022500002/tracking_data.csv","NOT_RECOVERABLE","NO_AUDITABLE_DENOMINATOR"
"0022500004","data/tracking/0022500004/tracking_data.csv","NOT_RECOVERABLE","NO_AUDITABLE_DENOMINATOR"
"0022500005","data/tracking/0022500005/tracking_data.csv","NOT_RECOVERABLE","NO_AUDITABLE_DENOMINATOR"
"0022500006","data/tracking/0022500006/tracking_data.csv","NOT_RECOVERABLE","NO_AUDITABLE_DENOMINATOR"
"0022500020","data/tracking/0022500020/tracking_data.csv","NOT_RECOVERABLE","NO_AUDITABLE_DENOMINATOR"
"0022500021","data/tracking/0022500021/tracking_data.csv","NOT_RECOVERABLE","NO_AUDITABLE_DENOMINATOR"
"0022500023","data/tracking/0022500023/tracking_data.csv","NOT_RECOVERABLE","NO_AUDITABLE_DENOMINATOR"
"0022500024","data/tracking/0022500024/tracking_data.csv","NOT_RECOVERABLE","NO_AUDITABLE_DENOMINATOR"
"0022500028","data/tracking/0022500028/tracking_data.csv","NOT_RECOVERABLE","NO_AUDITABLE_DENOMINATOR"
"0022500029","data/tracking/0022500029/tracking_data.csv","NOT_RECOVERABLE","NO_AUDITABLE_DENOMINATOR"
"0022500030","data/tracking/0022500030/tracking_data.csv","NOT_RECOVERABLE","NO_AUDITABLE_DENOMINATOR"
"0022500031","data/tracking/0022500031/tracking_data.csv","NOT_RECOVERABLE","NO_AUDITABLE_DENOMINATOR"
"0022500032","data/tracking/0022500032/tracking_data.csv","NOT_RECOVERABLE","NO_AUDITABLE_DENOMINATOR"
"0022500033","data/tracking/0022500033/tracking_data.csv","NOT_RECOVERABLE","NO_AUDITABLE_DENOMINATOR"
"0022500034","data/tracking/0022500034/tracking_data.csv","NOT_RECOVERABLE","NO_AUDITABLE_DENOMINATOR"
"0022500035","data/tracking/0022500035/tracking_data.csv","NOT_RECOVERABLE","NO_AUDITABLE_DENOMINATOR"
"0022500036","data/tracking/0022500036/tracking_data.csv","NOT_RECOVERABLE","NO_AUDITABLE_DENOMINATOR"
"0022500037","data/tracking/0022500037/tracking_data.csv","NOT_RECOVERABLE","NO_AUDITABLE_DENOMINATOR"
"0022500038","data/tracking/0022500038/tracking_data.csv","NOT_RECOVERABLE","NO_AUDITABLE_DENOMINATOR"
"0022500039","data/tracking/0022500039/tracking_data.csv","NOT_RECOVERABLE","NO_AUDITABLE_DENOMINATOR"
"0022500040","data/tracking/0022500040/tracking_data.csv","NOT_RECOVERABLE","NO_AUDITABLE_DENOMINATOR"
"0022500041","data/tracking/0022500041/tracking_data.csv","NOT_RECOVERABLE","NO_AUDITABLE_DENOMINATOR"
"0022500042","data/tracking/0022500042/tracking_data.csv","NOT_RECOVERABLE","NO_AUDITABLE_DENOMINATOR"
"0022500043","data/tracking/0022500043/tracking_data.csv","NOT_RECOVERABLE","NO_AUDITABLE_DENOMINATOR"
"0022500044","data/tracking/0022500044/tracking_data.csv","NOT_RECOVERABLE","NO_AUDITABLE_DENOMINATOR"
"0022500045","data/tracking/0022500045/tracking_data.csv","NOT_RECOVERABLE","NO_AUDITABLE_DENOMINATOR"
"0022500046","data/tracking/0022500046/tracking_data.csv","NOT_RECOVERABLE","NO_AUDITABLE_DENOMINATOR"
"0022500047","data/tracking/0022500047/tracking_data.csv","NOT_RECOVERABLE","NO_AUDITABLE_DENOMINATOR"
"0022500048","data/tracking/0022500048/tracking_data.csv","NOT_RECOVERABLE","NO_AUDITABLE_DENOMINATOR"
"0022500049","data/tracking/0022500049/tracking_data.csv","NOT_RECOVERABLE","NO_AUDITABLE_DENOMINATOR"
"0022500053","data/tracking/0022500053/tracking_data.csv","NOT_RECOVERABLE","NO_AUDITABLE_DENOMINATOR"
"0022500054","data/tracking/0022500054/tracking_data.csv","NOT_RECOVERABLE","NO_AUDITABLE_DENOMINATOR"
"0022500055","data/tracking/0022500055/tracking_data.csv","NOT_RECOVERABLE","NO_AUDITABLE_DENOMINATOR"
"0022500060","data/tracking/0022500060/tracking_data.csv","NOT_RECOVERABLE","NO_AUDITABLE_DENOMINATOR"
"0022500061","data/tracking/0022500061/tracking_data.csv","NOT_RECOVERABLE","NO_AUDITABLE_DENOMINATOR"
"0022500062","data/tracking/0022500062/tracking_data.csv","NOT_RECOVERABLE","NO_AUDITABLE_DENOMINATOR"
"0022500063","data/tracking/0022500063/tracking_data.csv","NOT_RECOVERABLE","NO_AUDITABLE_DENOMINATOR"
"0022500064","data/tracking/0022500064/tracking_data.csv","NOT_RECOVERABLE","NO_AUDITABLE_DENOMINATOR"
"0022500065","data/tracking/0022500065/tracking_data.csv","NOT_RECOVERABLE","NO_AUDITABLE_DENOMINATOR"
"0022500066","data/tracking/0022500066/tracking_data.csv","NOT_RECOVERABLE","NO_AUDITABLE_DENOMINATOR"
"0022500067","data/tracking/0022500067/tracking_data.csv","NOT_RECOVERABLE","NO_AUDITABLE_DENOMINATOR"
"0022500068","data/tracking/0022500068/tracking_data.csv","NOT_RECOVERABLE","NO_AUDITABLE_DENOMINATOR"
"0022500081","data/tracking/0022500081/tracking_data.csv","NOT_RECOVERABLE","NO_AUDITABLE_DENOMINATOR"
"0022500083","data/tracking/0022500083/tracking_data.csv","NOT_RECOVERABLE","NO_AUDITABLE_DENOMINATOR"
"0022500088","data/tracking/0022500088/tracking_data.csv","NOT_RECOVERABLE","NO_AUDITABLE_DENOMINATOR"
"0022500090","data/tracking/0022500090/tracking_data.csv","NOT_RECOVERABLE","NO_AUDITABLE_DENOMINATOR"
"0022500093","data/tracking/0022500093/tracking_data.csv","NOT_RECOVERABLE","NO_AUDITABLE_DENOMINATOR"
"0022500097","data/tracking/0022500097/tracking_data.csv","NOT_RECOVERABLE","NO_AUDITABLE_DENOMINATOR"
"0022500099","data/tracking/0022500099/tracking_data.csv","NOT_RECOVERABLE","NO_AUDITABLE_DENOMINATOR"
"0022500101","data/tracking/0022500101/tracking_data.csv","NOT_RECOVERABLE","NO_AUDITABLE_DENOMINATOR"
"0022500119","data/tracking/0022500119/tracking_data.csv","NOT_RECOVERABLE","NO_AUDITABLE_DENOMINATOR"
"0022500127","data/tracking/0022500127/tracking_data.csv","NOT_RECOVERABLE","NO_AUDITABLE_DENOMINATOR"
"0022500136","data/tracking/0022500136/tracking_data.csv","NOT_RECOVERABLE","NO_AUDITABLE_DENOMINATOR"
"0022500138","data/tracking/0022500138/tracking_data.csv","NOT_RECOVERABLE","NO_AUDITABLE_DENOMINATOR"
"0022500139","data/tracking/0022500139/tracking_data.csv","NOT_RECOVERABLE","NO_AUDITABLE_DENOMINATOR"
"0022500148","data/tracking/0022500148/tracking_data.csv","NOT_RECOVERABLE","NO_AUDITABLE_DENOMINATOR"
"0022500151","data/tracking/0022500151/tracking_data.csv","NOT_RECOVERABLE","NO_AUDITABLE_DENOMINATOR"
"0022500153","data/tracking/0022500153/tracking_data.csv","NOT_RECOVERABLE","NO_AUDITABLE_DENOMINATOR"
"0022500154","data/tracking/0022500154/tracking_data.csv","NOT_RECOVERABLE","NO_AUDITABLE_DENOMINATOR"
"0022500156","data/tracking/0022500156/tracking_data.csv","NOT_RECOVERABLE","NO_AUDITABLE_DENOMINATOR"
"0022500157","data/tracking/0022500157/tracking_data.csv","NOT_RECOVERABLE","NO_AUDITABLE_DENOMINATOR"
"0022500158","data/tracking/0022500158/tracking_data.csv","NOT_RECOVERABLE","NO_AUDITABLE_DENOMINATOR"
"0022500159","data/tracking/0022500159/tracking_data.csv","NOT_RECOVERABLE","NO_AUDITABLE_DENOMINATOR"
"0022500160","data/tracking/0022500160/tracking_data.csv","NOT_RECOVERABLE","NO_AUDITABLE_DENOMINATOR"
"0022500161","data/tracking/0022500161/tracking_data.csv","NOT_RECOVERABLE","NO_AUDITABLE_DENOMINATOR"
"0022500162","data/tracking/0022500162/tracking_data.csv","NOT_RECOVERABLE","NO_AUDITABLE_DENOMINATOR"
"0022500163","data/tracking/0022500163/tracking_data.csv","NOT_RECOVERABLE","NO_AUDITABLE_DENOMINATOR"
"0022500164","data/tracking/0022500164/tracking_data.csv","NOT_RECOVERABLE","NO_AUDITABLE_DENOMINATOR"
"0022500171","data/tracking/0022500171/tracking_data.csv","NOT_RECOVERABLE","NO_AUDITABLE_DENOMINATOR"
"0022500174","data/tracking/0022500174/tracking_data.csv","NOT_RECOVERABLE","NO_AUDITABLE_DENOMINATOR"
"0022500175","data/tracking/0022500175/tracking_data.csv","NOT_RECOVERABLE","NO_AUDITABLE_DENOMINATOR"
"0022500176","data/tracking/0022500176/tracking_data.csv","NOT_RECOVERABLE","NO_AUDITABLE_DENOMINATOR"
"0022500177","data/tracking/0022500177/tracking_data.csv","NOT_RECOVERABLE","NO_AUDITABLE_DENOMINATOR"
"0022500178","data/tracking/0022500178/tracking_data.csv","NOT_RECOVERABLE","NO_AUDITABLE_DENOMINATOR"
"0022500181","data/tracking/0022500181/tracking_data.csv","NOT_RECOVERABLE","NO_AUDITABLE_DENOMINATOR"
"0022500188","data/tracking/0022500188/tracking_data.csv","NOT_RECOVERABLE","NO_AUDITABLE_DENOMINATOR"
"0022500214","data/tracking/0022500214/tracking_data.csv","NOT_RECOVERABLE","NO_AUDITABLE_DENOMINATOR"
"0022500216","data/tracking/0022500216/tracking_data.csv","NOT_RECOVERABLE","NO_AUDITABLE_DENOMINATOR"
"0022500217","data/tracking/0022500217/tracking_data.csv","NOT_RECOVERABLE","NO_AUDITABLE_DENOMINATOR"
"0022500219","data/tracking/0022500219/tracking_data.csv","NOT_RECOVERABLE","NO_AUDITABLE_DENOMINATOR"
"0022500222","data/tracking/0022500222/tracking_data.csv","NOT_RECOVERABLE","NO_AUDITABLE_DENOMINATOR"
"0022500223","data/tracking/0022500223/tracking_data.csv","NOT_RECOVERABLE","NO_AUDITABLE_DENOMINATOR"
"0022500224","data/tracking/0022500224/tracking_data.csv","NOT_RECOVERABLE","NO_AUDITABLE_DENOMINATOR"
"0022500225","data/tracking/0022500225/tracking_data.csv","NOT_RECOVERABLE","NO_AUDITABLE_DENOMINATOR"
"0022500227","data/tracking/0022500227/tracking_data.csv","NOT_RECOVERABLE","NO_AUDITABLE_DENOMINATOR"
"0022500309","data/tracking/0022500309/tracking_data.csv","NOT_RECOVERABLE","NO_AUDITABLE_DENOMINATOR"
"0022500318","data/tracking/0022500318/tracking_data.csv","NOT_RECOVERABLE","NO_AUDITABLE_DENOMINATOR"
"0022500319","data/tracking/0022500319/tracking_data.csv","NOT_RECOVERABLE","NO_AUDITABLE_DENOMINATOR"
"0022500320","data/tracking/0022500320/tracking_data.csv","NOT_RECOVERABLE","NO_AUDITABLE_DENOMINATOR"
"0022500321","data/tracking/0022500321/tracking_data.csv","NOT_RECOVERABLE","NO_AUDITABLE_DENOMINATOR"
"0022500323","data/tracking/0022500323/tracking_data.csv","NOT_RECOVERABLE","NO_AUDITABLE_DENOMINATOR"
"0022500325","data/tracking/0022500325/tracking_data.csv","NOT_RECOVERABLE","NO_AUDITABLE_DENOMINATOR"
"0022500326","data/tracking/0022500326/tracking_data.csv","NOT_RECOVERABLE","NO_AUDITABLE_DENOMINATOR"
"0022500330","data/tracking/0022500330/tracking_data.csv","NOT_RECOVERABLE","NO_AUDITABLE_DENOMINATOR"
"0022500331","data/tracking/0022500331/tracking_data.csv","NOT_RECOVERABLE","NO_AUDITABLE_DENOMINATOR"
"0022500332","data/tracking/0022500332/tracking_data.csv","NOT_RECOVERABLE","NO_AUDITABLE_DENOMINATOR"
"0022500334","data/tracking/0022500334/tracking_data.csv","NOT_RECOVERABLE","NO_AUDITABLE_DENOMINATOR"
"0022500338","data/tracking/0022500338/tracking_data.csv","NOT_RECOVERABLE","NO_AUDITABLE_DENOMINATOR"
"0022500339","data/tracking/0022500339/tracking_data.csv","NOT_RECOVERABLE","NO_AUDITABLE_DENOMINATOR"
"0022500340","data/tracking/0022500340/tracking_data.csv","NOT_RECOVERABLE","NO_AUDITABLE_DENOMINATOR"
"0022500341","data/tracking/0022500341/tracking_data.csv","NOT_RECOVERABLE","NO_AUDITABLE_DENOMINATOR"
"0022500342","data/tracking/0022500342/tracking_data.csv","NOT_RECOVERABLE","NO_AUDITABLE_DENOMINATOR"
"0022500343","data/tracking/0022500343/tracking_data.csv","NOT_RECOVERABLE","NO_AUDITABLE_DENOMINATOR"
"0022500344","data/tracking/0022500344/tracking_data.csv","NOT_RECOVERABLE","NO_AUDITABLE_DENOMINATOR"
"0022500345","data/tracking/0022500345/tracking_data.csv","NOT_RECOVERABLE","NO_AUDITABLE_DENOMINATOR"
"0022500347","data/tracking/0022500347/tracking_data.csv","NOT_RECOVERABLE","NO_AUDITABLE_DENOMINATOR"
"0022500348","data/tracking/0022500348/tracking_data.csv","NOT_RECOVERABLE","NO_AUDITABLE_DENOMINATOR"
"0022500349","data/tracking/0022500349/tracking_data.csv","NOT_RECOVERABLE","NO_AUDITABLE_DENOMINATOR"
"0022500350","data/tracking/0022500350/tracking_data.csv","NOT_RECOVERABLE","NO_AUDITABLE_DENOMINATOR"
"0022500351","data/tracking/0022500351/tracking_data.csv","NOT_RECOVERABLE","NO_AUDITABLE_DENOMINATOR"
"0022500352","data/tracking/0022500352/tracking_data.csv","NOT_RECOVERABLE","NO_AUDITABLE_DENOMINATOR"
"0022500353","data/tracking/0022500353/tracking_data.csv","NOT_RECOVERABLE","NO_AUDITABLE_DENOMINATOR"
"0022500354","data/tracking/0022500354/tracking_data.csv","NOT_RECOVERABLE","NO_AUDITABLE_DENOMINATOR"
"0022500356","data/tracking/0022500356/tracking_data.csv","NOT_RECOVERABLE","NO_AUDITABLE_DENOMINATOR"
"0022500358","data/tracking/0022500358/tracking_data.csv","NOT_RECOVERABLE","NO_AUDITABLE_DENOMINATOR"
"0022500359","data/tracking/0022500359/tracking_data.csv","NOT_RECOVERABLE","NO_AUDITABLE_DENOMINATOR"
"0022500361","data/tracking/0022500361/tracking_data.csv","NOT_RECOVERABLE","NO_AUDITABLE_DENOMINATOR"
"0022500369","data/tracking/0022500369/tracking_data.csv","NOT_RECOVERABLE","NO_AUDITABLE_DENOMINATOR"
"0022500371","data/tracking/0022500371/tracking_data.csv","NOT_RECOVERABLE","NO_AUDITABLE_DENOMINATOR"
"0022500375","data/tracking/0022500375/tracking_data.csv","NOT_RECOVERABLE","NO_AUDITABLE_DENOMINATOR"
"0022500376","data/tracking/0022500376/tracking_data.csv","NOT_RECOVERABLE","NO_AUDITABLE_DENOMINATOR"
"0022500377","data/tracking/0022500377/tracking_data.csv","NOT_RECOVERABLE","NO_AUDITABLE_DENOMINATOR"
"0022500378","data/tracking/0022500378/tracking_data.csv","NOT_RECOVERABLE","NO_AUDITABLE_DENOMINATOR"
"0022500379","data/tracking/0022500379/tracking_data.csv","NOT_RECOVERABLE","NO_AUDITABLE_DENOMINATOR"
"0022500381","data/tracking/0022500381/tracking_data.csv","NOT_RECOVERABLE","NO_AUDITABLE_DENOMINATOR"
"0022500382","data/tracking/0022500382/tracking_data.csv","NOT_RECOVERABLE","NO_AUDITABLE_DENOMINATOR"
"0022500383","data/tracking/0022500383/tracking_data.csv","NOT_RECOVERABLE","NO_AUDITABLE_DENOMINATOR"
"0022500384","data/tracking/0022500384/tracking_data.csv","NOT_RECOVERABLE","NO_AUDITABLE_DENOMINATOR"
"0022500385","data/tracking/0022500385/tracking_data.csv","NOT_RECOVERABLE","NO_AUDITABLE_DENOMINATOR"
"0022500478","data/tracking/0022500478/tracking_data.csv","NOT_RECOVERABLE","NO_AUDITABLE_DENOMINATOR"
"0022500480","data/tracking/0022500480/tracking_data.csv","NOT_RECOVERABLE","NO_AUDITABLE_DENOMINATOR"
"0022500481","data/tracking/0022500481/tracking_data.csv","NOT_RECOVERABLE","NO_AUDITABLE_DENOMINATOR"
"0022500482","data/tracking/0022500482/tracking_data.csv","NOT_RECOVERABLE","NO_AUDITABLE_DENOMINATOR"
"0022500484","data/tracking/0022500484/tracking_data.csv","NOT_RECOVERABLE","NO_AUDITABLE_DENOMINATOR"
"0022500485","data/tracking/0022500485/tracking_data.csv","NOT_RECOVERABLE","NO_AUDITABLE_DENOMINATOR"
"0022500486","data/tracking/0022500486/tracking_data.csv","NOT_RECOVERABLE","NO_AUDITABLE_DENOMINATOR"
"0022500487","data/tracking/0022500487/tracking_data.csv","NOT_RECOVERABLE","NO_AUDITABLE_DENOMINATOR"
"0022500488","data/tracking/0022500488/tracking_data.csv","NOT_RECOVERABLE","NO_AUDITABLE_DENOMINATOR"
"0022500489","data/tracking/0022500489/tracking_data.csv","NOT_RECOVERABLE","NO_AUDITABLE_DENOMINATOR"
"0022500490","data/tracking/0022500490/tracking_data.csv","NOT_RECOVERABLE","NO_AUDITABLE_DENOMINATOR"
"0022500491","data/tracking/0022500491/tracking_data.csv","NOT_RECOVERABLE","NO_AUDITABLE_DENOMINATOR"
"0022500492","data/tracking/0022500492/tracking_data.csv","NOT_RECOVERABLE","NO_AUDITABLE_DENOMINATOR"
"0022500493","data/tracking/0022500493/tracking_data.csv","NOT_RECOVERABLE","NO_AUDITABLE_DENOMINATOR"
"0022500494","data/tracking/0022500494/tracking_data.csv","NOT_RECOVERABLE","NO_AUDITABLE_DENOMINATOR"
"0022500496","data/tracking/0022500496/tracking_data.csv","NOT_RECOVERABLE","NO_AUDITABLE_DENOMINATOR"
"0022500497","data/tracking/0022500497/tracking_data.csv","NOT_RECOVERABLE","NO_AUDITABLE_DENOMINATOR"
"0022500503","data/tracking/0022500503/tracking_data.csv","NOT_RECOVERABLE","NO_AUDITABLE_DENOMINATOR"
"0022500507","data/tracking/0022500507/tracking_data.csv","NOT_RECOVERABLE","NO_AUDITABLE_DENOMINATOR"
"0022500508","data/tracking/0022500508/tracking_data.csv","NOT_RECOVERABLE","NO_AUDITABLE_DENOMINATOR"
"0022500509","data/tracking/0022500509/tracking_data.csv","NOT_RECOVERABLE","NO_AUDITABLE_DENOMINATOR"
"0022500510","data/tracking/0022500510/tracking_data.csv","NOT_RECOVERABLE","NO_AUDITABLE_DENOMINATOR"
"0022500511","data/tracking/0022500511/tracking_data.csv","NOT_RECOVERABLE","NO_AUDITABLE_DENOMINATOR"
"0022500512","data/tracking/0022500512/tracking_data.csv","NOT_RECOVERABLE","NO_AUDITABLE_DENOMINATOR"
"0022500513","data/tracking/0022500513/tracking_data.csv","NOT_RECOVERABLE","NO_AUDITABLE_DENOMINATOR"
"0022500514","data/tracking/0022500514/tracking_data.csv","NOT_RECOVERABLE","NO_AUDITABLE_DENOMINATOR"
"0022500517","data/tracking/0022500517/tracking_data.csv","NOT_RECOVERABLE","NO_AUDITABLE_DENOMINATOR"
"0022500519","data/tracking/0022500519/tracking_data.csv","NOT_RECOVERABLE","NO_AUDITABLE_DENOMINATOR"
"0022500526","data/tracking/0022500526/tracking_data.csv","NOT_RECOVERABLE","NO_AUDITABLE_DENOMINATOR"
"0022500527","data/tracking/0022500527/tracking_data.csv","NOT_RECOVERABLE","NO_AUDITABLE_DENOMINATOR"
"0022500564","data/tracking/0022500564/tracking_data.csv","NOT_RECOVERABLE","NO_AUDITABLE_DENOMINATOR"
"0022500565","data/tracking/0022500565/tracking_data.csv","NOT_RECOVERABLE","NO_AUDITABLE_DENOMINATOR"
"0022500566","data/tracking/0022500566/tracking_data.csv","NOT_RECOVERABLE","NO_AUDITABLE_DENOMINATOR"
"0022500567","data/tracking/0022500567/tracking_data.csv","NOT_RECOVERABLE","NO_AUDITABLE_DENOMINATOR"
"0022500570","data/tracking/0022500570/tracking_data.csv","NOT_RECOVERABLE","NO_AUDITABLE_DENOMINATOR"
"0022500574","data/tracking/0022500574/tracking_data.csv","NOT_RECOVERABLE","NO_AUDITABLE_DENOMINATOR"
"0022500575","data/tracking/0022500575/tracking_data.csv","NOT_RECOVERABLE","NO_AUDITABLE_DENOMINATOR"
"0022500576","data/tracking/0022500576/tracking_data.csv","NOT_RECOVERABLE","NO_AUDITABLE_DENOMINATOR"
"0022500577","data/tracking/0022500577/tracking_data.csv","NOT_RECOVERABLE","NO_AUDITABLE_DENOMINATOR"
"0022500582","data/tracking/0022500582/tracking_data.csv","NOT_RECOVERABLE","NO_AUDITABLE_DENOMINATOR"
"0022500584","data/tracking/0022500584/tracking_data.csv","NOT_RECOVERABLE","NO_AUDITABLE_DENOMINATOR"
"0022500585","data/tracking/0022500585/tracking_data.csv","NOT_RECOVERABLE","NO_AUDITABLE_DENOMINATOR"
"0022500586","data/tracking/0022500586/tracking_data.csv","NOT_RECOVERABLE","NO_AUDITABLE_DENOMINATOR"
"0022500591","data/tracking/0022500591/tracking_data.csv","NOT_RECOVERABLE","NO_AUDITABLE_DENOMINATOR"
"0022500592","data/tracking/0022500592/tracking_data.csv","NOT_RECOVERABLE","NO_AUDITABLE_DENOMINATOR"
"0022500593","data/tracking/0022500593/tracking_data.csv","NOT_RECOVERABLE","NO_AUDITABLE_DENOMINATOR"
"0022500594","data/tracking/0022500594/tracking_data.csv","NOT_RECOVERABLE","NO_AUDITABLE_DENOMINATOR"
"0022500601","data/tracking/0022500601/tracking_data.csv","NOT_RECOVERABLE","NO_AUDITABLE_DENOMINATOR"
"0022500609","data/tracking/0022500609/tracking_data.csv","NOT_RECOVERABLE","NO_AUDITABLE_DENOMINATOR"
"0022500621","data/tracking/0022500621/tracking_data.csv","NOT_RECOVERABLE","NO_AUDITABLE_DENOMINATOR"
"0022500622","data/tracking/0022500622/tracking_data.csv","NOT_RECOVERABLE","NO_AUDITABLE_DENOMINATOR"
"0022500623","data/tracking/0022500623/tracking_data.csv","NOT_RECOVERABLE","NO_AUDITABLE_DENOMINATOR"
"0022500629","data/tracking/0022500629/tracking_data.csv","NOT_RECOVERABLE","NO_AUDITABLE_DENOMINATOR"
"0022500630","data/tracking/0022500630/tracking_data.csv","NOT_RECOVERABLE","NO_AUDITABLE_DENOMINATOR"
"0022500634","data/tracking/0022500634/tracking_data.csv","NOT_RECOVERABLE","NO_AUDITABLE_DENOMINATOR"
"0022500702","data/tracking/0022500702/tracking_data.csv","NOT_RECOVERABLE","NO_AUDITABLE_DENOMINATOR"
"0022500710","data/tracking/0022500710/tracking_data.csv","NOT_RECOVERABLE","NO_AUDITABLE_DENOMINATOR"
"0022500712","data/tracking/0022500712/tracking_data.csv","NOT_RECOVERABLE","NO_AUDITABLE_DENOMINATOR"
"0022500713","data/tracking/0022500713/tracking_data.csv","NOT_RECOVERABLE","NO_AUDITABLE_DENOMINATOR"
"0022500715","data/tracking/0022500715/tracking_data.csv","NOT_RECOVERABLE","NO_AUDITABLE_DENOMINATOR"
"0022500717","data/tracking/0022500717/tracking_data.csv","NOT_RECOVERABLE","NO_AUDITABLE_DENOMINATOR"
"0022500718","data/tracking/0022500718/tracking_data.csv","NOT_RECOVERABLE","NO_AUDITABLE_DENOMINATOR"
"0022500719","data/tracking/0022500719/tracking_data.csv","NOT_RECOVERABLE","NO_AUDITABLE_DENOMINATOR"
"0022500720","data/tracking/0022500720/tracking_data.csv","NOT_RECOVERABLE","NO_AUDITABLE_DENOMINATOR"
"0022500721","data/tracking/0022500721/tracking_data.csv","NOT_RECOVERABLE","NO_AUDITABLE_DENOMINATOR"
"0022500722","data/tracking/0022500722/tracking_data.csv","NOT_RECOVERABLE","NO_AUDITABLE_DENOMINATOR"
"0022500723","data/tracking/0022500723/tracking_data.csv","NOT_RECOVERABLE","NO_AUDITABLE_DENOMINATOR"
"0022500724","data/tracking/0022500724/tracking_data.csv","NOT_RECOVERABLE","NO_AUDITABLE_DENOMINATOR"
"0022500725","data/tracking/0022500725/tracking_data.csv","NOT_RECOVERABLE","NO_AUDITABLE_DENOMINATOR"
"0022500728","data/tracking/0022500728/tracking_data.csv","NOT_RECOVERABLE","NO_AUDITABLE_DENOMINATOR"
"0022500729","data/tracking/0022500729/tracking_data.csv","NOT_RECOVERABLE","NO_AUDITABLE_DENOMINATOR"
"0022500732","data/tracking/0022500732/tracking_data.csv","NOT_RECOVERABLE","NO_AUDITABLE_DENOMINATOR"
"0022500733","data/tracking/0022500733/tracking_data.csv","NOT_RECOVERABLE","NO_AUDITABLE_DENOMINATOR"
"0022500734","data/tracking/0022500734/tracking_data.csv","NOT_RECOVERABLE","NO_AUDITABLE_DENOMINATOR"
"0022500735","data/tracking/0022500735/tracking_data.csv","NOT_RECOVERABLE","NO_AUDITABLE_DENOMINATOR"
"0022500736","data/tracking/0022500736/tracking_data.csv","NOT_RECOVERABLE","NO_AUDITABLE_DENOMINATOR"
"0022500737","data/tracking/0022500737/tracking_data.csv","NOT_RECOVERABLE","NO_AUDITABLE_DENOMINATOR"
"0022500738","data/tracking/0022500738/tracking_data.csv","NOT_RECOVERABLE","NO_AUDITABLE_DENOMINATOR"
"0022500739","data/tracking/0022500739/tracking_data.csv","NOT_RECOVERABLE","NO_AUDITABLE_DENOMINATOR"
"0022500740","data/tracking/0022500740/tracking_data.csv","NOT_RECOVERABLE","NO_AUDITABLE_DENOMINATOR"
"0022500741","data/tracking/0022500741/tracking_data.csv","NOT_RECOVERABLE","NO_AUDITABLE_DENOMINATOR"
"0022500742","data/tracking/0022500742/tracking_data.csv","NOT_RECOVERABLE","NO_AUDITABLE_DENOMINATOR"
"0022500743","data/tracking/0022500743/tracking_data.csv","NOT_RECOVERABLE","NO_AUDITABLE_DENOMINATOR"
"0022500744","data/tracking/0022500744/tracking_data.csv","NOT_RECOVERABLE","NO_AUDITABLE_DENOMINATOR"
"0022500745","data/tracking/0022500745/tracking_data.csv","NOT_RECOVERABLE","NO_AUDITABLE_DENOMINATOR"
"0022500746","data/tracking/0022500746/tracking_data.csv","NOT_RECOVERABLE","NO_AUDITABLE_DENOMINATOR"
"0022500747","data/tracking/0022500747/tracking_data.csv","NOT_RECOVERABLE","NO_AUDITABLE_DENOMINATOR"
"0022500748","data/tracking/0022500748/tracking_data.csv","NOT_RECOVERABLE","NO_AUDITABLE_DENOMINATOR"
"0022500749","data/tracking/0022500749/tracking_data.csv","NOT_RECOVERABLE","NO_AUDITABLE_DENOMINATOR"
"0022500750","data/tracking/0022500750/tracking_data.csv","NOT_RECOVERABLE","NO_AUDITABLE_DENOMINATOR"
"0022500752","data/tracking/0022500752/tracking_data.csv","NOT_RECOVERABLE","NO_AUDITABLE_DENOMINATOR"
"0022500753","data/tracking/0022500753/tracking_data.csv","NOT_RECOVERABLE","NO_AUDITABLE_DENOMINATOR"
"0022500756","data/tracking/0022500756/tracking_data.csv","NOT_RECOVERABLE","NO_AUDITABLE_DENOMINATOR"
"0022500792","data/tracking/0022500792/tracking_data.csv","NOT_RECOVERABLE","NO_AUDITABLE_DENOMINATOR"
"0022500794","data/tracking/0022500794/tracking_data.csv","NOT_RECOVERABLE","NO_AUDITABLE_DENOMINATOR"
"0022500795","data/tracking/0022500795/tracking_data.csv","NOT_RECOVERABLE","NO_AUDITABLE_DENOMINATOR"
"0022500796","data/tracking/0022500796/tracking_data.csv","NOT_RECOVERABLE","NO_AUDITABLE_DENOMINATOR"
"0022500797","data/tracking/0022500797/tracking_data.csv","NOT_RECOVERABLE","NO_AUDITABLE_DENOMINATOR"
"0022500799","data/tracking/0022500799/tracking_data.csv","NOT_RECOVERABLE","NO_AUDITABLE_DENOMINATOR"
"0022500800","data/tracking/0022500800/tracking_data.csv","NOT_RECOVERABLE","NO_AUDITABLE_DENOMINATOR"
"0022500802","data/tracking/0022500802/tracking_data.csv","NOT_RECOVERABLE","NO_AUDITABLE_DENOMINATOR"
"0022500805","data/tracking/0022500805/tracking_data.csv","NOT_RECOVERABLE","NO_AUDITABLE_DENOMINATOR"
"0022500807","data/tracking/0022500807/tracking_data.csv","NOT_RECOVERABLE","NO_AUDITABLE_DENOMINATOR"
"0022500809","data/tracking/0022500809/tracking_data.csv","NOT_RECOVERABLE","NO_AUDITABLE_DENOMINATOR"
"0022500880","data/tracking/0022500880/tracking_data.csv","NOT_RECOVERABLE","NO_AUDITABLE_DENOMINATOR"
"0022500881","data/tracking/0022500881/tracking_data.csv","NOT_RECOVERABLE","NO_AUDITABLE_DENOMINATOR"
"0022500882","data/tracking/0022500882/tracking_data.csv","NOT_RECOVERABLE","NO_AUDITABLE_DENOMINATOR"
"0022500891","data/tracking/0022500891/tracking_data.csv","NOT_RECOVERABLE","NO_AUDITABLE_DENOMINATOR"
"0022500892","data/tracking/0022500892/tracking_data.csv","NOT_RECOVERABLE","NO_AUDITABLE_DENOMINATOR"
"0022500894","data/tracking/0022500894/tracking_data.csv","NOT_RECOVERABLE","NO_AUDITABLE_DENOMINATOR"
"0022500897","data/tracking/0022500897/tracking_data.csv","NOT_RECOVERABLE","NO_AUDITABLE_DENOMINATOR"
"0022500898","data/tracking/0022500898/tracking_data.csv","NOT_RECOVERABLE","NO_AUDITABLE_DENOMINATOR"
"0022500904","data/tracking/0022500904/tracking_data.csv","NOT_RECOVERABLE","NO_AUDITABLE_DENOMINATOR"
"0022500906","data/tracking/0022500906/tracking_data.csv","NOT_RECOVERABLE","NO_AUDITABLE_DENOMINATOR"
"0022500908","data/tracking/0022500908/tracking_data.csv","NOT_RECOVERABLE","NO_AUDITABLE_DENOMINATOR"
"0022500913","data/tracking/0022500913/tracking_data.csv","NOT_RECOVERABLE","NO_AUDITABLE_DENOMINATOR"
"0022500914","data/tracking/0022500914/tracking_data.csv","NOT_RECOVERABLE","NO_AUDITABLE_DENOMINATOR"
"0022500915","data/tracking/0022500915/tracking_data.csv","NOT_RECOVERABLE","NO_AUDITABLE_DENOMINATOR"
"0022500917","data/tracking/0022500917/tracking_data.csv","NOT_RECOVERABLE","NO_AUDITABLE_DENOMINATOR"
"0022500920","data/tracking/0022500920/tracking_data.csv","NOT_RECOVERABLE","NO_AUDITABLE_DENOMINATOR"
"0022500921","data/tracking/0022500921/tracking_data.csv","NOT_RECOVERABLE","NO_AUDITABLE_DENOMINATOR"
"0022500922","data/tracking/0022500922/tracking_data.csv","NOT_RECOVERABLE","NO_AUDITABLE_DENOMINATOR"
"0022500927","data/tracking/0022500927/tracking_data.csv","NOT_RECOVERABLE","NO_AUDITABLE_DENOMINATOR"
"0022500933","data/tracking/0022500933/tracking_data.csv","NOT_RECOVERABLE","NO_AUDITABLE_DENOMINATOR"
"0022500934","data/tracking/0022500934/tracking_data.csv","NOT_RECOVERABLE","NO_AUDITABLE_DENOMINATOR"
"0022500935","data/tracking/0022500935/tracking_data.csv","NOT_RECOVERABLE","NO_AUDITABLE_DENOMINATOR"
"0022500937","data/tracking/0022500937/tracking_data.csv","NOT_RECOVERABLE","NO_AUDITABLE_DENOMINATOR"
"0022500938","data/tracking/0022500938/tracking_data.csv","NOT_RECOVERABLE","NO_AUDITABLE_DENOMINATOR"
"0022500939","data/tracking/0022500939/tracking_data.csv","NOT_RECOVERABLE","NO_AUDITABLE_DENOMINATOR"
"0022500942","data/tracking/0022500942/tracking_data.csv","NOT_RECOVERABLE","NO_AUDITABLE_DENOMINATOR"
"0022500943","data/tracking/0022500943/tracking_data.csv","NOT_RECOVERABLE","NO_AUDITABLE_DENOMINATOR"
"0022500946","data/tracking/0022500946/tracking_data.csv","NOT_RECOVERABLE","NO_AUDITABLE_DENOMINATOR"
"0022500947","data/tracking/0022500947/tracking_data.csv","NOT_RECOVERABLE","NO_AUDITABLE_DENOMINATOR"
"0022500948","data/tracking/0022500948/tracking_data.csv","NOT_RECOVERABLE","NO_AUDITABLE_DENOMINATOR"
"0022500950","data/tracking/0022500950/tracking_data.csv","NOT_RECOVERABLE","NO_AUDITABLE_DENOMINATOR"
"0022500953","data/tracking/0022500953/tracking_data.csv","NOT_RECOVERABLE","NO_AUDITABLE_DENOMINATOR"
"0022500957","data/tracking/0022500957/tracking_data.csv","NOT_RECOVERABLE","NO_AUDITABLE_DENOMINATOR"
"0022500958","data/tracking/0022500958/tracking_data.csv","NOT_RECOVERABLE","NO_AUDITABLE_DENOMINATOR"
"0022500960","data/tracking/0022500960/tracking_data.csv","NOT_RECOVERABLE","NO_AUDITABLE_DENOMINATOR"
"0022500964","data/tracking/0022500964/tracking_data.csv","NOT_RECOVERABLE","NO_AUDITABLE_DENOMINATOR"
"0022500965","data/tracking/0022500965/tracking_data.csv","NOT_RECOVERABLE","NO_AUDITABLE_DENOMINATOR"
"0022500966.f136","data/tracking/0022500966.f136/tracking_data.csv","NOT_RECOVERABLE","NO_AUDITABLE_DENOMINATOR"
"0022500966.f298","data/tracking/0022500966.f298/tracking_data.csv","NOT_RECOVERABLE","NO_AUDITABLE_DENOMINATOR"
"0022500968","data/tracking/0022500968/tracking_data.csv","NOT_RECOVERABLE","NO_AUDITABLE_DENOMINATOR"
"0022500991","data/tracking/0022500991/tracking_data.csv","NOT_RECOVERABLE","NO_AUDITABLE_DENOMINATOR"
"0022500997","data/tracking/0022500997/tracking_data.csv","NOT_RECOVERABLE","NO_AUDITABLE_DENOMINATOR"
"0022500999","data/tracking/0022500999/tracking_data.csv","NOT_RECOVERABLE","NO_AUDITABLE_DENOMINATOR"
"0022501010","data/tracking/0022501010/tracking_data.csv","NOT_RECOVERABLE","NO_AUDITABLE_DENOMINATOR"
"0022501076","data/tracking/0022501076/tracking_data.csv","NOT_RECOVERABLE","NO_AUDITABLE_DENOMINATOR"
"0022501077","data/tracking/0022501077/tracking_data.csv","NOT_RECOVERABLE","NO_AUDITABLE_DENOMINATOR"
"0022501078","data/tracking/0022501078/tracking_data.csv","NOT_RECOVERABLE","NO_AUDITABLE_DENOMINATOR"
"0022501080","data/tracking/0022501080/tracking_data.csv","NOT_RECOVERABLE","NO_AUDITABLE_DENOMINATOR"
"0022501082","data/tracking/0022501082/tracking_data.csv","NOT_RECOVERABLE","NO_AUDITABLE_DENOMINATOR"
"0022501083","data/tracking/0022501083/tracking_data.csv","NOT_RECOVERABLE","NO_AUDITABLE_DENOMINATOR"
"0022501084","data/tracking/0022501084/tracking_data.csv","NOT_RECOVERABLE","NO_AUDITABLE_DENOMINATOR"
"0022501085","data/tracking/0022501085/tracking_data.csv","NOT_RECOVERABLE","NO_AUDITABLE_DENOMINATOR"
"0022501086","data/tracking/0022501086/tracking_data.csv","NOT_RECOVERABLE","NO_AUDITABLE_DENOMINATOR"
"0022501088","data/tracking/0022501088/tracking_data.csv","NOT_RECOVERABLE","NO_AUDITABLE_DENOMINATOR"
"0022501089","data/tracking/0022501089/tracking_data.csv","NOT_RECOVERABLE","NO_AUDITABLE_DENOMINATOR"
"0022501091","data/tracking/0022501091/tracking_data.csv","NOT_RECOVERABLE","NO_AUDITABLE_DENOMINATOR"
"0022501095","data/tracking/0022501095/tracking_data.csv","NOT_RECOVERABLE","NO_AUDITABLE_DENOMINATOR"
"0022501097","data/tracking/0022501097/tracking_data.csv","NOT_RECOVERABLE","NO_AUDITABLE_DENOMINATOR"
"0022501106","data/tracking/0022501106/tracking_data.csv","NOT_RECOVERABLE","NO_AUDITABLE_DENOMINATOR"
"0022501107","data/tracking/0022501107/tracking_data.csv","NOT_RECOVERABLE","NO_AUDITABLE_DENOMINATOR"
"0022501111","data/tracking/0022501111/tracking_data.csv","NOT_RECOVERABLE","NO_AUDITABLE_DENOMINATOR"
"0022501114","data/tracking/0022501114/tracking_data.csv","NOT_RECOVERABLE","NO_AUDITABLE_DENOMINATOR"
"0022501115","data/tracking/0022501115/tracking_data.csv","NOT_RECOVERABLE","NO_AUDITABLE_DENOMINATOR"
"0022501116","data/tracking/0022501116/tracking_data.csv","NOT_RECOVERABLE","NO_AUDITABLE_DENOMINATOR"
"0022501117","data/tracking/0022501117/tracking_data.csv","NOT_RECOVERABLE","NO_AUDITABLE_DENOMINATOR"
"0022501123","data/tracking/0022501123/tracking_data.csv","NOT_RECOVERABLE","NO_AUDITABLE_DENOMINATOR"
"0022501126","data/tracking/0022501126/tracking_data.csv","NOT_RECOVERABLE","NO_AUDITABLE_DENOMINATOR"
"0022501130","data/tracking/0022501130/tracking_data.csv","NOT_RECOVERABLE","NO_AUDITABLE_DENOMINATOR"
"0022501131","data/tracking/0022501131/tracking_data.csv","NOT_RECOVERABLE","NO_AUDITABLE_DENOMINATOR"
"0022501134","data/tracking/0022501134/tracking_data.csv","NOT_RECOVERABLE","NO_AUDITABLE_DENOMINATOR"
"0022501137","data/tracking/0022501137/tracking_data.csv","NOT_RECOVERABLE","NO_AUDITABLE_DENOMINATOR"
"0022501140","data/tracking/0022501140/tracking_data.csv","NOT_RECOVERABLE","NO_AUDITABLE_DENOMINATOR"
"0022501141","data/tracking/0022501141/tracking_data.csv","NOT_RECOVERABLE","NO_AUDITABLE_DENOMINATOR"
"0022501142","data/tracking/0022501142/tracking_data.csv","NOT_RECOVERABLE","NO_AUDITABLE_DENOMINATOR"
"0022501143","data/tracking/0022501143/tracking_data.csv","NOT_RECOVERABLE","NO_AUDITABLE_DENOMINATOR"
"0022501146","data/tracking/0022501146/tracking_data.csv","NOT_RECOVERABLE","NO_AUDITABLE_DENOMINATOR"
"0022501147","data/tracking/0022501147/tracking_data.csv","NOT_RECOVERABLE","NO_AUDITABLE_DENOMINATOR"
"0022501149","data/tracking/0022501149/tracking_data.csv","NOT_RECOVERABLE","NO_AUDITABLE_DENOMINATOR"
"0022501151","data/tracking/0022501151/tracking_data.csv","NOT_RECOVERABLE","NO_AUDITABLE_DENOMINATOR"
"0022501152","data/tracking/0022501152/tracking_data.csv","NOT_RECOVERABLE","NO_AUDITABLE_DENOMINATOR"
"0022501154","data/tracking/0022501154/tracking_data.csv","NOT_RECOVERABLE","NO_AUDITABLE_DENOMINATOR"
"0022501155","data/tracking/0022501155/tracking_data.csv","NOT_RECOVERABLE","NO_AUDITABLE_DENOMINATOR"
"0022501156","data/tracking/0022501156/tracking_data.csv","NOT_RECOVERABLE","NO_AUDITABLE_DENOMINATOR"
"0022501158","data/tracking/0022501158/tracking_data.csv","NOT_RECOVERABLE","NO_AUDITABLE_DENOMINATOR"
"0022501159","data/tracking/0022501159/tracking_data.csv","NOT_RECOVERABLE","NO_AUDITABLE_DENOMINATOR"
"0022501160","data/tracking/0022501160/tracking_data.csv","NOT_RECOVERABLE","NO_AUDITABLE_DENOMINATOR"
"0022501161","data/tracking/0022501161/tracking_data.csv","NOT_RECOVERABLE","NO_AUDITABLE_DENOMINATOR"
"0022501163","data/tracking/0022501163/tracking_data.csv","NOT_RECOVERABLE","NO_AUDITABLE_DENOMINATOR"
"0022501164","data/tracking/0022501164/tracking_data.csv","NOT_RECOVERABLE","NO_AUDITABLE_DENOMINATOR"
"0022501165","data/tracking/0022501165/tracking_data.csv","NOT_RECOVERABLE","NO_AUDITABLE_DENOMINATOR"
"0022501168","data/tracking/0022501168/tracking_data.csv","NOT_RECOVERABLE","NO_AUDITABLE_DENOMINATOR"
"0022501170","data/tracking/0022501170/tracking_data.csv","NOT_RECOVERABLE","NO_AUDITABLE_DENOMINATOR"
"0022501171","data/tracking/0022501171/tracking_data.csv","NOT_RECOVERABLE","NO_AUDITABLE_DENOMINATOR"
"0022501172","data/tracking/0022501172/tracking_data.csv","NOT_RECOVERABLE","NO_AUDITABLE_DENOMINATOR"
"0022501173","data/tracking/0022501173/tracking_data.csv","NOT_RECOVERABLE","NO_AUDITABLE_DENOMINATOR"
"0022501174","data/tracking/0022501174/tracking_data.csv","NOT_RECOVERABLE","NO_AUDITABLE_DENOMINATOR"
"0022501180","data/tracking/0022501180/tracking_data.csv","NOT_RECOVERABLE","NO_AUDITABLE_DENOMINATOR"
"0022501183","data/tracking/0022501183/tracking_data.csv","NOT_RECOVERABLE","NO_AUDITABLE_DENOMINATOR"
"0022501184","data/tracking/0022501184/tracking_data.csv","NOT_RECOVERABLE","NO_AUDITABLE_DENOMINATOR"
"0022501185","data/tracking/0022501185/tracking_data.csv","NOT_RECOVERABLE","NO_AUDITABLE_DENOMINATOR"
"0022501186","data/tracking/0022501186/tracking_data.csv","NOT_RECOVERABLE","NO_AUDITABLE_DENOMINATOR"
"0022501190","data/tracking/0022501190/tracking_data.csv","NOT_RECOVERABLE","NO_AUDITABLE_DENOMINATOR"
"0022501196","data/tracking/0022501196/tracking_data.csv","NOT_RECOVERABLE","NO_AUDITABLE_DENOMINATOR"
"0022501197","data/tracking/0022501197/tracking_data.csv","NOT_RECOVERABLE","NO_AUDITABLE_DENOMINATOR"
"0022501198","data/tracking/0022501198/tracking_data.csv","NOT_RECOVERABLE","NO_AUDITABLE_DENOMINATOR"
"0022501199","data/tracking/0022501199/tracking_data.csv","NOT_RECOVERABLE","NO_AUDITABLE_DENOMINATOR"
"failclosed_smoke","data/tracking/failclosed_smoke/tracking_data.csv","NOT_RECOVERABLE","NO_AUDITABLE_DENOMINATOR"
"G83_table_0022400625","data/tracking/G83_table_0022400625/tracking_data.csv","NOT_RECOVERABLE","NO_AUDITABLE_DENOMINATOR"
"G83_table_0022400687","data/tracking/G83_table_0022400687/tracking_data.csv","NOT_RECOVERABLE","NO_AUDITABLE_DENOMINATOR"
"G83_table_0022400690","data/tracking/G83_table_0022400690/tracking_data.csv","NOT_RECOVERABLE","NO_AUDITABLE_DENOMINATOR"
"G83_tennis_09","data/tracking/G83_tennis_09/tracking_data.csv","NOT_RECOVERABLE","LOCAL_VIDEO_UNPAIRED"
"lanetest2","data/tracking/lanetest2/tracking_data.csv","NOT_RECOVERABLE","NO_AUDITABLE_DENOMINATOR"
"mlb_2iosUkpL0Bc","data/tracking/mlb_2iosUkpL0Bc/tracking_data.csv","NOT_RECOVERABLE","NO_AUDITABLE_DENOMINATOR"
"test_knicks","data/tracking/test_knicks/tracking_data.csv","NOT_RECOVERABLE","NO_AUDITABLE_DENOMINATOR"
