frame,timestamp,player_id,team,x_position,y_position,velocity,acceleration,direction_deg,court_zone,ball_possession,distance_to_ball,nearest_opponent,nearest_teammate,event,team_spacing,team_centroid_x,team_centroid_y,paint_count_own,paint_count_opp,possession_side,handler_isolation,bbox_x1,bbox_y1,bbox_x2,bbox_y2,ball_x2d,ball_y2d,ball_velocity,distance_to_basket,vel_toward_basket,drive_flag,fast_break_flag,possession_id,possession_duration,confidence,velocity_mean_30,velocity_max_30,dist_traveled_30,possession_pct_30,velocity_mean_90,velocity_max_90,dist_traveled_90,possession_pct_90,velocity_mean_150,velocity_max_150,dist_traveled_150,possession_pct_150,shots_90,passes_90,dribbles_90,possession_run,team_velocity_mean,opp_velocity_mean,spacing_advantage,dist_to_basket_mean_30,vel_toward_basket_mean_30,drive_rate_30,dist_to_basket_mean_90,vel_toward_basket_mean_90,drive_rate_90,dist_to_basket_mean_150,vel_toward_basket_mean_150,drive_rate_150,shot_quality_proxy,turnover_flag,pace_30,pick_roll_proxy
136,2.269,1,green,2771,678,0.0,0.0,0.0,3pt_arc,0,,,480.8,none,266010.0,2461.2,665.2,1,0,,0.0,883.0,16.0,1291.0,666.0,,,0.0,511.6,0.0,0,0,1,0,1.0,0.0,0.0,0.0,0.0,0.0,0.0,0.0,0.0,0.0,0.0,0.0,0.0,0,0,0,1,0.0,,,511.6,0.0,0.0,511.6,0.0,0.0,511.6,0.0,0.0,0.0,0,0.0,0
136,2.269,2,green,3256,587,0.0,0.0,0.0,paint,0,,,493.5,none,266010.0,2461.2,665.2,1,0,,0.0,-15.0,41.0,445.0,666.0,,,0.0,268.5,0.0,0,0,1,0,1.0,0.0,0.0,0.0,0.0,0.0,0.0,0.0,0.0,0.0,0.0,0.0,0.0,0,0,0,1,0.0,,,268.5,0.0,0.0,268.5,0.0,0.0,268.5,0.0,0.0,0.0,0,0.0,0
136,2.269,3,green,2340,465,0.0,0.0,0.0,mid_range,0,,,480.8,none,266010.0,2461.2,665.2,1,0,,0.0,339.0,32.0,431.0,139.0,,,0.0,991.0,0.0,0,0,1,0,1.0,0.0,0.0,0.0,0.0,0.0,0.0,0.0,0.0,0.0,0.0,0.0,0.0,0,0,0,1,0.0,,,991.0,0.0,0.0,991.0,0.0,0.0,991.0,0.0,0.0,0.0,0,0.0,0
136,2.269,4,green,1478,931,0.0,0.0,0.0,backcourt,0,,,979.9,none,266010.0,2461.2,665.2,1,0,,0.0,446.0,63.0,1196.0,662.0,,,0.0,1327.0,0.0,0,0,1,0,1.0,0.0,0.0,0.0,0.0,0.0,0.0,0.0,0.0,0.0,0.0,0.0,0.0,0,0,0,1,0.0,,,1327.0,0.0,0.0,1327.0,0.0,0.0,1327.0,0.0,0.0,0.0,0,0.0,0
137,2.286,1,green,2783,677,12.04,12.04,355.2,3pt_arc,0,,,460.6,none,256488.0,2471.8,666.0,1,0,,0.0,900.0,15.0,1292.0,664.0,,,0.0,500.7,10.86,0,0,2,0,1.0,6.02,12.04,12.0,0.0,6.02,12.04,12.0,0.0,6.02,12.04,12.0,0.0,0,0,0,2,11.57,,,506.2,5.43,0.0,506.2,5.43,0.0,506.2,5.43,0.0,0.0,0,0.0,0
137,2.286,2,green,3254,587,2.0,2.0,180.0,paint,0,,,479.5,none,256488.0,2471.8,666.0,1,0,,0.0,-15.0,36.0,447.0,664.0,,,0.0,268.5,0.02,0,0,2,0,1.0,1.0,2.0,2.0,0.0,1.0,2.0,2.0,0.0,1.0,2.0,2.0,0.0,0,0,0,2,11.57,,,268.5,0.01,0.0,268.5,0.01,0.0,268.5,0.01,0.0,0.0,0,0.0,0
137,2.286,3,green,2372,469,32.25,32.25,7.1,mid_range,0,,,460.6,none,256488.0,2471.8,666.0,1,0,,0.0,339.0,32.0,431.0,139.0,,,0.0,960.1,30.9,0,0,2,0,0.933,16.12,32.25,32.2,0.0,16.12,32.25,32.2,0.0,16.12,32.25,32.2,0.0,0,0,0,2,11.57,,,975.6,15.45,0.0,975.6,15.45,0.0,975.6,15.45,0.0,0.0,0,0.0,0
137,2.286,4,green,1478,931,0.0,0.0,0.0,backcourt,0,,,1006.3,none,256488.0,2471.8,666.0,1,0,,0.0,436.0,45.0,1175.0,662.0,,,0.0,1327.0,0.0,0,0,2,0,1.0,0.0,0.0,0.0,0.0,0.0,0.0,0.0,0.0,0.0,0.0,0.0,0.0,0,0,0,2,11.57,,,1327.0,0.0,0.0,1327.0,0.0,0.0,1327.0,0.0,0.0,0.0,0,0.0,0
138,2.302,1,green,2783,677,0.0,-12.04,0.0,3pt_arc,0,,,479.5,none,582910.0,2128.5,517.0,1,0,,0.0,899.0,15.0,1293.0,663.0,,,0.0,500.7,0.0,0,0,3,0,1.0,4.01,12.04,12.0,0.0,4.01,12.04,12.0,0.0,4.01,12.04,12.0,0.0,0,0,0,3,374.27,,,504.3,3.62,0.0,504.3,3.62,0.0,504.3,3.62,0.0,0.0,0,0.0,0
138,2.302,2,green,3254,587,0.0,-2.0,0.0,paint,0,,,479.5,none,582910.0,2128.5,517.0,1,0,,0.0,-15.0,37.0,447.0,664.0,,,0.0,268.5,0.0,0,0,3,0,1.0,0.67,2.0,2.0,0.0,0.67,2.0,2.0,0.0,0.67,2.0,2.0,0.0,0,0,0,3,374.27,,,268.5,0.01,0.0,268.5,0.01,0.0,268.5,0.01,0.0,0.0,0,0.0,0
138,2.302,3,green,1858,230,566.85,534.6,204.9,backcourt,0,,,1027.3,none,582910.0,2128.5,517.0,1,0,,0.0,339.0,32.0,431.0,139.0,,,0.0,1526.8,-566.8,0,0,3,0,0.867,199.7,566.85,599.1,0.0,199.7,566.85,599.1,0.0,199.7,566.85,599.1,0.0,0,0,0,3,374.27,,,1159.3,-178.63,0.0,1159.3,-178.63,0.0,1159.3,-178.63,0.0,0.0,0,0.0,0
138,2.302,4,green,619,574,930.23,930.23,202.6,3pt_arc,0,,,1285.9,none,582910.0,2128.5,517.0,1,0,,0.0,429.0333862304688,42.01519775390625,1168.9899291992188,657.449951171875,,,0.0,544.3,550.54,0,0,3,0,0.933,310.08,930.23,930.2,0.0,310.08,930.23,930.2,0.0,310.08,930.23,930.2,0.0,0,0,0,3,374.27,,,1066.1,183.51,0.0,1066.1,183.51,0.0,1066.1,183.51,0.0,0.0,0,0.0,0
139,2.319,1,green,2783,677,0.0,0.0,0.0,3pt_arc,0,,,479.5,none,670201.5,2050.0,526.2,2,0,,0.0,868.0,9.0,1292.0,663.0,,,0.0,500.7,0.0,0,0,4,0,1.0,3.01,12.04,12.0,0.0,3.01,12.04,12.0,0.0,3.01,12.04,12.0,0.0,0,0,0,4,79.04,,,503.4,2.72,0.0,503.4,2.72,0.0,503.4,2.72,0.0,0.0,0,0.0,0
139,2.319,2,green,3254,587,0.0,0.0,0.0,paint,0,,,479.5,none,670201.5,2050.0,526.2,2,0,,0.0,-15.0,24.0,442.0,659.0,,,0.0,268.5,0.0,0,0,4,0,1.0,0.5,2.0,2.0,0.0,0.5,2.0,2.0,0.0,0.5,2.0,2.0,0.0,0,0,0,4,79.04,,,268.5,0.0,0.0,268.5,0.0,0.0,268.5,0.0,0.0,0.0,0,0.0,0
139,2.319,3,green,1858,230,0.0,-566.85,0.0,backcourt,0,,,1027.3,none,670201.5,2050.0,526.2,2,0,,0.0,339.0,32.0,431.0,139.0,,,0.0,1526.8,0.0,0,0,4,0,0.8,149.78,566.85,599.1,0.0,149.78,566.85,599.1,0.0,149.78,566.85,599.1,0.0,0,0,0,4,79.04,,,1251.2,-133.98,0.0,1251.2,-133.98,0.0,1251.2,-133.98,0.0,0.0,0,0.0,0
139,2.319,4,green,305,611,316.17,-614.06,173.3,paint,0,,,1599.1,none,670201.5,2050.0,526.2,2,0,,0.0,421.8240966796875,37.82916259765625,1161.7806396484375,653.263916015625,,,0.0,287.8,197.07,0,0,4,0,0.867,311.6,930.23,1246.4,0.0,311.6,930.23,1246.4,0.0,311.6,930.23,1246.4,0.0,0,0,0,4,79.04,,,871.5,186.9,0.0,871.5,186.9,0.0,871.5,186.9,0.0,0.0,0,0.0,0
140,2.336,1,green,2783,677,0.0,0.0,0.0,3pt_arc,0,,,479.5,none,146893.5,2631.7,498.0,1,0,,0.0,878.0,10.0,1292.0,663.0,,,0.0,500.7,0.0,0,0,5,0,1.0,2.41,12.04,12.0,0.0,2.41,12.04,12.0,0.0,2.41,12.04,12.0,0.0,0,0,0,5,0.0,,,502.9,2.17,0.0,502.9,2.17,0.0,502.9,2.17,0.0,0.0,0,0.0,0
140,2.336,2,green,3254,587,0.0,0.0,0.0,paint,0,,,479.5,none,146893.5,2631.7,498.0,1,0,,0.0,-15.0,23.0,443.0,659.0,,,0.0,268.5,0.0,0,0,5,0,1.0,0.4,2.0,2.0,0.0,0.4,2.0,2.0,0.0,0.4,2.0,2.0,0.0,0,0,0,5,0.0,,,268.5,0.0,0.0,268.5,0.0,0.0,268.5,0.0,0.0,0.0,0,0.0,0
140,2.336,3,green,1858,230,0.0,0.0,0.0,backcourt,0,,,1027.3,none,146893.5,2631.7,498.0,1,0,,0.0,339.0,32.0,431.0,139.0,,,0.0,1526.8,0.0,0,0,5,0,0.733,119.82,566.85,599.1,0.0,119.82,566.85,599.1,0.0,119.82,566.85,599.1,0.0,0,0,0,5,0.0,,,1306.3,-107.18,0.0,1306.3,-107.18,0.0,1306.3,-107.18,0.0,0.0,0,0.0,0
141,2.352,1,green,2783,677,0.0,0.0,0.0,3pt_arc,0,,,479.5,none,146893.5,2631.7,498.0,1,0,,0.0,792.0,-6.0,1291.0,657.0,,,0.0,500.7,0.0,0,0,6,0,1.0,2.01,12.04,12.0,0.0,2.01,12.04,12.0,0.0,2.01,12.04,12.0,0.0,0,0,0,6,0.0,,,502.5,1.81,0.0,502.5,1.81,0.0,502.5,1.81,0.0,0.0,0,0.0,0
141,2.352,2,green,3254,587,0.0,0.0,0.0,paint,0,,,479.5,none,146893.5,2631.7,498.0,1,0,,0.0,-14.0,19.0,401.0,665.0,,,0.0,268.5,0.0,0,0,6,0,1.0,0.33,2.0,2.0,0.0,0.33,2.0,2.0,0.0,0.33,2.0,2.0,0.0,0,0,0,6,0.0,,,268.5,0.0,0.0,268.5,0.0,0.0,268.5,0.0,0.0,0.0,0,0.0,0
141,2.352,3,green,1858,230,0.0,0.0,0.0,backcourt,0,,,1027.3,none,146893.5,2631.7,498.0,1,0,,0.0,339.0,32.0,431.0,139.0,,,0.0,1526.8,0.0,0,0,6,0,0.667,99.85,566.85,599.1,0.0,99.85,566.85,599.1,0.0,99.85,566.85,599.1,0.0,0,0,0,6,0.0,,,1343.0,-89.32,0.0,1343.0,-89.32,0.0,1343.0,-89.32,0.0,0.0,0,0.0,0
142,2.369,1,green,2783,677,0.0,0.0,0.0,3pt_arc,0,,,479.5,none,0.0,3018.5,632.0,1,0,,0.0,820.0,-6.0,1292.0,656.0,,,0.0,500.7,0.0,0,0,7,0,1.0,1.72,12.04,12.0,0.0,1.72,12.04,12.0,0.0,1.72,12.04,12.0,0.0,0,0,0,7,0.0,,,502.3,1.55,0.0,502.3,1.55,0.0,502.3,1.55,0.0,0.0,0,0.0,0
142,2.369,2,green,3254,587,0.0,0.0,0.0,paint,0,,,479.5,none,0.0,3018.5,632.0,1,0,,0.0,-14.0,19.0,401.0,664.0,,,0.0,268.5,0.0,0,0,7,0,1.0,0.29,2.0,2.0,0.0,0.29,2.0,2.0,0.0,0.29,2.0,2.0,0.0,0,0,0,7,0.0,,,268.5,0.0,0.0,268.5,0.0,0.0,268.5,0.0,0.0,0.0,0,0.0,0
143,2.386,1,green,2783,677,0.0,0.0,0.0,3pt_arc,0,,,479.5,none,670201.5,2050.0,526.2,2,0,,0.0,898.0,-8.0,1294.0,656.0,,,0.0,500.7,0.0,0,0,8,0,1.0,1.5,12.04,12.0,0.0,1.5,12.04,12.0,0.0,1.5,12.04,12.0,0.0,0,0,0,8,0.0,,,502.1,1.36,0.0,502.1,1.36,0.0,502.1,1.36,0.0,0.0,0,0.0,0
143,2.386,2,green,3254,587,0.0,0.0,0.0,paint,0,,,479.5,none,670201.5,2050.0,526.2,2,0,,0.0,-14.0,19.0,409.0,666.0,,,0.0,268.5,0.0,0,0,8,0,1.0,0.25,2.0,2.0,0.0,0.25,2.0,2.0,0.0,0.25,2.0,2.0,0.0,0,0,0,8,0.0,,,268.5,0.0,0.0,268.5,0.0,0.0,268.5,0.0,0.0,0.0,0,0.0,0
143,2.386,3,green,1858,230,0.0,0.0,0.0,backcourt,0,,,1027.3,none,670201.5,2050.0,526.2,2,0,,0.0,683.0,-7.0,1293.0,654.0,,,0.0,1526.8,0.0,0,0,8,0,1.0,85.59,566.85,599.1,0.0,85.59,566.85,599.1,0.0,85.59,566.85,599.1,0.0,0,0,0,8,0.0,,,1369.3,-76.56,0.0,1369.3,-76.56,0.0,1369.3,-76.56,0.0,0.0,0,0.0,0
143,2.386,4,green,305,611,0.0,-316.17,0.0,paint,0,,,1599.1,none,670201.5,2050.0,526.2,2,0,,0.0,280.0,1.0,914.0,668.0,,,0.0,287.8,0.0,0,0,8,0,1.0,249.28,930.23,1246.4,0.0,249.28,930.23,1246.4,0.0,249.28,930.23,1246.4,0.0,0,0,0,8,0.0,,,754.8,149.52,0.0,754.8,149.52,0.0,754.8,149.52,0.0,0.0,0,0.0,0
144,2.402,1,green,2783,677,0.0,0.0,0.0,3pt_arc,0,,,479.5,none,670201.5,2050.0,526.2,2,0,,0.0,898.0,-8.0,1293.0,656.0,,,0.0,500.7,0.0,0,0,9,0,1.0,1.34,12.04,12.0,0.0,1.34,12.04,12.0,0.0,1.34,12.04,12.0,0.0,0,0,0,9,0.0,,,501.9,1.21,0.0,501.9,1.21,0.0,501.9,1.21,0.0,0.0,0,0.0,0
144,2.402,2,green,3254,587,0.0,0.0,0.0,paint,0,,,479.5,none,670201.5,2050.0,526.2,2,0,,0.0,-14.0,18.0,409.0,666.0,,,0.0,268.5,0.0,0,0,9,0,1.0,0.22,2.0,2.0,0.0,0.22,2.0,2.0,0.0,0.22,2.0,2.0,0.0,0,0,0,9,0.0,,,268.5,0.0,0.0,268.5,0.0,0.0,268.5,0.0,0.0,0.0,0,0.0,0
144,2.402,3,green,1858,230,0.0,0.0,0.0,backcourt,0,,,1027.3,none,670201.5,2050.0,526.2,2,0,,0.0,722.0,-6.0,1292.0,654.0,,,0.0,1526.8,0.0,0,0,9,0,1.0,74.89,566.85,599.1,0.0,74.89,566.85,599.1,0.0,74.89,566.85,599.1,0.0,0,0,0,9,0.0,,,1389.0,-66.99,0.0,1389.0,-66.99,0.0,1389.0,-66.99,0.0,0.0,0,0.0,0
144,2.402,4,green,305,611,0.0,0.0,0.0,paint,0,,,1599.1,none,670201.5,2050.0,526.2,2,0,,0.0,280.0,1.0,915.0,667.0,,,0.0,287.8,0.0,0,0,9,0,1.0,207.73,930.23,1246.4,0.0,207.73,930.23,1246.4,0.0,207.73,930.23,1246.4,0.0,0,0,0,9,0.0,,,676.9,124.6,0.0,676.9,124.6,0.0,676.9,124.6,0.0,0.0,0,0.0,0
145,2.419,1,green,2783,677,0.0,0.0,0.0,3pt_arc,0,,,479.5,none,127053.0,2114.0,625.0,2,0,,0.0,887.0,-7.0,1293.0,663.0,,,0.0,500.7,0.0,0,0,10,0,1.0,1.2,12.04,12.0,0.0,1.2,12.04,12.0,0.0,1.2,12.04,12.0,0.0,0,0,0,10,0.0,,,501.8,1.09,0.0,501.8,1.09,0.0,501.8,1.09,0.0,0.0,0,0.0,0
145,2.419,2,green,3254,587,0.0,0.0,0.0,paint,0,,,479.5,none,127053.0,2114.0,625.0,2,0,,0.0,-14.0,13.0,402.0,668.0,,,0.0,268.5,0.0,0,0,10,0,1.0,0.2,2.0,2.0,0.0,0.2,2.0,2.0,0.0,0.2,2.0,2.0,0.0,0,0,0,10,0.0,,,268.5,0.0,0.0,268.5,0.0,0.0,268.5,0.0,0.0,0.0,0,0.0,0
145,2.419,4,green,305,611,0.0,0.0,0.0,paint,0,,,2478.9,none,127053.0,2114.0,625.0,2,0,,0.0,280.0,1.0,909.0,667.0,,,0.0,287.8,0.0,0,0,10,0,1.0,178.06,930.23,1246.4,0.0,178.06,930.23,1246.4,0.0,178.06,930.23,1246.4,0.0,0,0,0,10,0.0,,,621.4,106.8,0.0,621.4,106.8,0.0,621.4,106.8,0.0,0.0,0,0.0,0
146,2.436,1,green,2783,677,0.0,0.0,0.0,3pt_arc,0,,,479.5,none,127053.0,2114.0,625.0,2,0,,0.0,889.0,-6.0,1293.0,663.0,,,0.0,500.7,0.0,0,0,11,0,1.0,1.09,12.04,12.0,0.0,1.09,12.04,12.0,0.0,1.09,12.04,12.0,0.0,0,0,0,11,0.0,,,501.7,0.99,0.0,501.7,0.99,0.0,501.7,0.99,0.0,0.0,0,0.0,0
146,2.436,2,green,3254,587,0.0,0.0,0.0,paint,0,,,479.5,none,127053.0,2114.0,625.0,2,0,,0.0,-14.0,13.0,402.0,668.0,,,0.0,268.5,0.0,0,0,11,0,1.0,0.18,2.0,2.0,0.0,0.18,2.0,2.0,0.0,0.18,2.0,2.0,0.0,0,0,0,11,0.0,,,268.5,0.0,0.0,268.5,0.0,0.0,268.5,0.0,0.0,0.0,0,0.0,0
146,2.436,4,green,305,611,0.0,0.0,0.0,paint,0,,,2478.9,none,127053.0,2114.0,625.0,2,0,,0.0,280.0,1.0,909.0,668.0,,,0.0,287.8,0.0,0,0,11,0,1.0,155.8,930.23,1246.4,0.0,155.8,930.23,1246.4,0.0,155.8,930.23,1246.4,0.0,0,0,0,11,0.0,,,579.7,93.45,0.0,579.7,93.45,0.0,579.7,93.45,0.0,0.0,0,0.0,0
147,2.452,1,green,2783,677,0.0,0.0,0.0,3pt_arc,0,,,479.5,none,127053.0,2114.0,625.0,2,0,,0.0,879.0,-6.0,1293.0,655.0,,,0.0,500.7,0.0,0,0,12,0,1.0,1.0,12.04,12.0,0.0,1.0,12.04,12.0,0.0,1.0,12.04,12.0,0.0,0,0,0,12,0.0,,,501.6,0.9,0.0,501.6,0.9,0.0,501.6,0.9,0.0,0.0,0,0.0,0
147,2.452,2,green,3254,587,0.0,0.0,0.0,paint,0,,,479.5,none,127053.0,2114.0,625.0,2,0,,0.0,-14.0,13.0,395.0,666.0,,,0.0,268.5,0.0,0,0,12,0,1.0,0.17,2.0,2.0,0.0,0.17,2.0,2.0,0.0,0.17,2.0,2.0,0.0,0,0,0,12,0.0,,,268.5,0.0,0.0,268.5,0.0,0.0,268.5,0.0,0.0,0.0,0,0.0,0
147,2.452,4,green,305,611,0.0,0.0,0.0,paint,0,,,2478.9,none,127053.0,2114.0,625.0,2,0,,0.0,280.0,9.0,909.0,667.0,,,0.0,287.8,0.0,0,0,12,0,1.0,138.49,930.23,1246.4,0.0,138.49,930.23,1246.4,0.0,138.49,930.23,1246.4,0.0,0,0,0,12,0.0,,,547.2,83.07,0.0,547.2,83.07,0.0,547.2,83.07,0.0,0.0,0,0.0,0
148,2.469,1,green,2783,677,0.0,0.0,0.0,3pt_arc,0,,,479.5,none,127053.0,2114.0,625.0,2,0,,0.0,880.0,-6.0,1292.0,654.0,,,0.0,500.7,0.0,0,0,13,0,1.0,0.93,12.04,12.0,0.0,0.93,12.04,12.0,0.0,0.93,12.04,12.0,0.0,0,0,0,13,0.0,,,501.5,0.84,0.0,501.5,0.84,0.0,501.5,0.84,0.0,0.0,0,0.0,0
148,2.469,2,green,3254,587,0.0,0.0,0.0,paint,0,,,479.5,none,127053.0,2114.0,625.0,2,0,,0.0,-14.0,13.0,395.0,666.0,,,0.0,268.5,0.0,0,0,13,0,1.0,0.15,2.0,2.0,0.0,0.15,2.0,2.0,0.0,0.15,2.0,2.0,0.0,0,0,0,13,0.0,,,268.5,0.0,0.0,268.5,0.0,0.0,268.5,0.0,0.0,0.0,0,0.0,0
148,2.469,4,green,305,611,0.0,0.0,0.0,paint,0,,,2478.9,none,127053.0,2114.0,625.0,2,0,,0.0,280.0,10.0,908.0,667.0,,,0.0,287.8,0.0,0,0,13,0,1.0,124.64,930.23,1246.4,0.0,124.64,930.23,1246.4,0.0,124.64,930.23,1246.4,0.0,0,0,0,13,0.0,,,521.3,74.76,0.0,521.3,74.76,0.0,521.3,74.76,0.0,0.0,0,0.0,0
171,2.853,1,green,2783,677,0.0,0.0,0.0,3pt_arc,0,,,479.5,none,127053.0,2114.0,625.0,2,0,,0.0,909.0,-9.0,1295.0,664.0,,,0.0,500.7,0.0,0,0,14,0,1.0,0.86,12.04,12.0,0.0,0.86,12.04,12.0,0.0,0.86,12.04,12.0,0.0,0,0,0,14,0.0,,,501.5,0.78,0.0,501.5,0.78,0.0,501.5,0.78,0.0,0.0,0,0.0,0
171,2.853,2,green,3254,587,0.0,0.0,0.0,paint,0,,,479.5,none,127053.0,2114.0,625.0,2,0,,0.0,-15.0,-7.0,391.0,664.0,,,0.0,268.5,0.0,0,0,14,0,1.0,0.14,2.0,2.0,0.0,0.14,2.0,2.0,0.0,0.14,2.0,2.0,0.0,0,0,0,14,0.0,,,268.5,0.0,0.0,268.5,0.0,0.0,268.5,0.0,0.0,0.0,0,0.0,0
171,2.853,4,green,305,611,0.0,0.0,0.0,paint,0,,,2478.9,none,127053.0,2114.0,625.0,2,0,,0.0,278.0,8.0,902.0,665.0,,,0.0,287.8,0.0,0,0,14,0,1.0,113.31,930.23,1246.4,0.0,113.31,930.23,1246.4,0.0,113.31,930.23,1246.4,0.0,0,0,0,14,0.0,,,500.1,67.96,0.0,500.1,67.96,0.0,500.1,67.96,0.0,0.0,0,0.0,0
172,2.87,1,green,2783,677,0.0,0.0,0.0,3pt_arc,0,,,479.5,none,127053.0,2114.0,625.0,2,0,,0.0,909.0,-8.0,1295.0,665.0,,,0.0,500.7,0.0,0,0,15,0,1.0,0.8,12.04,12.0,0.0,0.8,12.04,12.0,0.0,0.8,12.04,12.0,0.0,0,0,0,15,0.0,,,501.4,0.72,0.0,501.4,0.72,0.0,501.4,0.72,0.0,0.0,0,0.0,0
172,2.87,2,green,3254,587,0.0,0.0,0.0,paint,0,,,479.5,none,127053.0,2114.0,625.0,2,0,,0.0,-15.0,-7.0,445.0,659.0,,,0.0,268.5,0.0,0,0,15,0,1.0,0.13,2.0,2.0,0.0,0.13,2.0,2.0,0.0,0.13,2.0,2.0,0.0,0,0,0,15,0.0,,,268.5,0.0,0.0,268.5,0.0,0.0,268.5,0.0,0.0,0.0,0,0.0,0
172,2.87,4,green,305,611,0.0,0.0,0.0,paint,0,,,2478.9,none,127053.0,2114.0,625.0,2,0,,0.0,278.0,8.0,905.0,665.0,,,0.0,287.8,0.0,0,0,15,0,1.0,103.87,930.23,1246.4,0.0,103.87,930.23,1246.4,0.0,103.87,930.23,1246.4,0.0,0,0,0,15,0.0,,,482.4,62.3,0.0,482.4,62.3,0.0,482.4,62.3,0.0,0.0,0,0.0,0
173,2.886,1,green,2783,677,0.0,0.0,0.0,3pt_arc,0,,,479.5,none,127053.0,2114.0,625.0,2,0,,0.0,904.0,-6.0,1295.0,666.0,,,0.0,500.7,0.0,0,0,16,0,1.0,0.75,12.04,12.0,0.0,0.75,12.04,12.0,0.0,0.75,12.04,12.0,0.0,0,0,0,16,0.0,,,501.4,0.68,0.0,501.4,0.68,0.0,501.4,0.68,0.0,0.0,0,0.0,0
173,2.886,2,green,3254,587,0.0,0.0,0.0,paint,0,,,479.5,none,127053.0,2114.0,625.0,2,0,,0.0,-14.0,-4.0,392.0,665.0,,,0.0,268.5,0.0,0,0,16,0,1.0,0.12,2.0,2.0,0.0,0.12,2.0,2.0,0.0,0.12,2.0,2.0,0.0,0,0,0,16,0.0,,,268.5,0.0,0.0,268.5,0.0,0.0,268.5,0.0,0.0,0.0,0,0.0,0
173,2.886,4,green,305,611,0.0,0.0,0.0,paint,0,,,2478.9,none,127053.0,2114.0,625.0,2,0,,0.0,275.0,-3.0,914.0,662.0,,,0.0,287.8,0.0,0,0,16,0,1.0,95.88,930.23,1246.4,0.0,95.88,930.23,1246.4,0.0,95.88,930.23,1246.4,0.0,0,0,0,16,0.0,,,467.4,57.51,0.0,467.4,57.51,0.0,467.4,57.51,0.0,0.0,0,0.0,0
174,2.903,1,green,2783,677,0.0,0.0,0.0,3pt_arc,0,,,479.5,none,127053.0,2114.0,625.0,2,0,,0.0,904.0,-6.0,1295.0,665.0,,,0.0,500.7,0.0,0,0,17,0,1.0,0.71,12.04,12.0,0.0,0.71,12.04,12.0,0.0,0.71,12.04,12.0,0.0,0,0,0,17,0.0,,,501.3,0.64,0.0,501.3,0.64,0.0,501.3,0.64,0.0,0.0,0,0.0,0
174,2.903,2,green,3254,587,0.0,0.0,0.0,paint,0,,,479.5,none,127053.0,2114.0,625.0,2,0,,0.0,-14.0,-4.0,390.0,665.0,,,0.0,268.5,0.0,0,0,17,0,1.0,0.12,2.0,2.0,0.0,0.12,2.0,2.0,0.0,0.12,2.0,2.0,0.0,0,0,0,17,0.0,,,268.5,0.0,0.0,268.5,0.0,0.0,268.5,0.0,0.0,0.0,0,0.0,0
174,2.903,4,green,305,611,0.0,0.0,0.0,paint,0,,,2478.9,none,127053.0,2114.0,625.0,2,0,,0.0,275.0,-3.0,915.0,662.0,,,0.0,287.8,0.0,0,0,17,0,1.0,89.03,930.23,1246.4,0.0,89.03,930.23,1246.4,0.0,89.03,930.23,1246.4,0.0,0,0,0,17,0.0,,,454.6,53.4,0.0,454.6,53.4,0.0,454.6,53.4,0.0,0.0,0,0.0,0
175,2.92,1,green,2783,677,0.0,0.0,0.0,3pt_arc,0,,,479.5,none,127053.0,2114.0,625.0,2,0,,0.0,905.0,-8.0,1295.0,646.0,,,0.0,500.7,0.0,0,0,18,0,1.0,0.67,12.04,12.0,0.0,0.67,12.04,12.0,0.0,0.67,12.04,12.0,0.0,0,0,0,18,0.0,,,501.3,0.6,0.0,501.3,0.6,0.0,501.3,0.6,0.0,0.0,0,0.0,0
175,2.92,2,green,3254,587,0.0,0.0,0.0,paint,0,,,479.5,none,127053.0,2114.0,625.0,2,0,,0.0,-15.0,-10.0,383.0,659.0,,,0.0,268.5,0.0,0,0,18,0,1.0,0.11,2.0,2.0,0.0,0.11,2.0,2.0,0.0,0.11,2.0,2.0,0.0,0,0,0,18,0.0,,,268.5,0.0,0.0,268.5,0.0,0.0,268.5,0.0,0.0,0.0,0,0.0,0
175,2.92,4,green,305,611,0.0,0.0,0.0,paint,0,,,2478.9,none,127053.0,2114.0,625.0,2,0,,0.0,276.0,-6.0,910.0,665.0,,,0.0,287.8,0.0,0,0,18,0,1.0,83.09,930.23,1246.4,0.0,83.09,930.23,1246.4,0.0,83.09,930.23,1246.4,0.0,0,0,0,18,0.0,,,443.5,49.84,0.0,443.5,49.84,0.0,443.5,49.84,0.0,0.0,0,0.0,0
176,2.936,1,green,2783,677,0.0,0.0,0.0,3pt_arc,0,,,479.5,none,127053.0,2114.0,625.0,2,0,,0.0,906.0,-8.0,1294.0,646.0,,,0.0,500.7,0.0,0,0,19,0,1.0,0.63,12.04,12.0,0.0,0.63,12.04,12.0,0.0,0.63,12.04,12.0,0.0,0,0,0,19,0.0,,,501.3,0.57,0.0,501.3,0.57,0.0,501.3,0.57,0.0,0.0,0,0.0,0
176,2.936,2,green,3254,587,0.0,0.0,0.0,paint,0,,,479.5,none,127053.0,2114.0,625.0,2,0,,0.0,-15.0,-10.0,382.0,665.0,,,0.0,268.5,0.0,0,0,19,0,1.0,0.11,2.0,2.0,0.0,0.11,2.0,2.0,0.0,0.11,2.0,2.0,0.0,0,0,0,19,0.0,,,268.5,0.0,0.0,268.5,0.0,0.0,268.5,0.0,0.0,0.0,0,0.0,0
176,2.936,4,green,305,611,0.0,0.0,0.0,paint,0,,,2478.9,none,127053.0,2114.0,625.0,2,0,,0.0,276.0,-6.0,910.0,665.0,,,0.0,287.8,0.0,0,0,19,0,1.0,77.9,930.23,1246.4,0.0,77.9,930.23,1246.4,0.0,77.9,930.23,1246.4,0.0,0,0,0,19,0.0,,,433.7,46.73,0.0,433.7,46.73,0.0,433.7,46.73,0.0,0.0,0,0.0,0
177,2.953,1,green,2783,677,0.0,0.0,0.0,3pt_arc,0,,,251.8,none,699846.5,2220.0,511.8,2,0,,0.0,904.0,-15.0,1294.0,645.0,,,0.0,500.7,0.0,0,0,20,0,1.0,0.6,12.04,12.0,0.0,0.6,12.04,12.0,0.0,0.6,12.04,12.0,0.0,0,0,0,20,0.0,,,501.2,0.54,0.0,501.2,0.54,0.0,501.2,0.54,0.0,0.0,0,0.0,0
177,2.953,2,green,3254,587,0.0,0.0,0.0,paint,0,,,378.2,none,699846.5,2220.0,511.8,2,0,,0.0,-15.0,-11.0,388.0,660.0,,,0.0,268.5,0.0,0,0,20,0,1.0,0.1,2.0,2.0,0.0,0.1,2.0,2.0,0.0,0.1,2.0,2.0,0.0,0,0,0,20,0.0,,,268.5,0.0,0.0,268.5,0.0,0.0,268.5,0.0,0.0,0.0,0,0.0,0
177,2.953,3,green,1858,230,0.0,0.0,0.0,backcourt,0,,,1027.3,none,699846.5,2220.0,511.8,2,0,,0.0,450.0,-15.0,1269.0,653.0,,,0.0,1526.8,0.0,0,0,20,0,1.0,66.57,566.85,599.1,0.0,66.57,566.85,599.1,0.0,66.57,566.85,599.1,0.0,0,0,0,20,0.0,,,1404.3,-59.54,0.0,1404.3,-59.54,0.0,1404.3,-59.54,0.0,0.0,0,0.0,0
177,2.953,4,green,305,611,0.0,0.0,0.0,paint,0,,,1599.1,none,699846.5,2220.0,511.8,2,0,,0.0,274.0,-13.0,913.0,665.0,,,0.0,287.8,0.0,0,0,20,0,1.0,73.32,930.23,1246.4,0.0,73.32,930.23,1246.4,0.0,73.32,930.23,1246.4,0.0,0,0,0,20,0.0,,,425.1,43.98,0.0,425.1,43.98,0.0,425.1,43.98,0.0,0.0,0,0.0,0
177,2.953,5,green,2900,454,0.0,0.0,0.0,3pt_arc,0,,,251.8,none,699846.5,2220.0,511.8,2,0,,0.0,-14.0,-12.0,613.0,660.0,,,0.0,533.2,0.0,0,0,20,0,1.0,0.0,0.0,0.0,0.0,0.0,0.0,0.0,0.0,0.0,0.0,0.0,0.0,0,0,0,20,0.0,,,533.2,0.0,0.0,533.2,0.0,0.0,533.2,0.0,0.0,0.0,0,0.0,0
178,2.97,1,green,2783,677,0.0,0.0,0.0,3pt_arc,0,,,250.0,none,327457.5,2136.2,579.2,2,0,,0.0,904.0,-15.0,1294.0,645.0,,,0.0,500.7,0.0,0,0,21,0,1.0,0.57,12.04,12.0,0.0,0.57,12.04,12.0,0.0,0.57,12.04,12.0,0.0,0,0,0,21,107.72,,,501.2,0.52,0.0,501.2,0.52,0.0,501.2,0.52,0.0,0.0,0,0.0,0
178,2.97,2,green,3254,587,0.0,0.0,0.0,paint,0,,,381.9,none,327457.5,2136.2,579.2,2,0,,0.0,-15.0,-11.0,382.0,661.0,,,0.0,268.5,0.0,0,0,21,0,1.0,0.1,2.0,2.0,0.0,0.1,2.0,2.0,0.0,0.1,2.0,2.0,0.0,0,0,0,21,107.72,,,268.5,0.0,0.0,268.5,0.0,0.0,268.5,0.0,0.0,0.0,0,0.0,0
178,2.97,3,green,1443,567,534.6,534.6,140.9,backcourt,0,,,1138.9,none,327457.5,2136.2,579.2,2,0,,0.0,435.6598510742188,-19.4791259765625,1219.7814331054688,645.2332153320312,,,0.0,1321.7,478.55,0,0,21,0,0.933,113.37,566.85,1133.7,0.0,113.37,566.85,1133.7,0.0,113.37,566.85,1133.7,0.0,0,0,0,21,107.72,,,1396.0,-5.73,0.0,1396.0,-5.73,0.0,1396.0,-5.73,0.0,0.0,0,0.0,0
178,2.97,4,green,305,611,0.0,0.0,0.0,paint,0,,,1138.9,none,327457.5,2136.2,579.2,2,0,,0.0,275.0,-12.0,912.0,666.0,,,0.0,287.8,0.0,0,0,21,0,1.0,69.24,930.23,1246.4,0.0,69.24,930.23,1246.4,0.0,69.24,930.23,1246.4,0.0,0,0,0,21,107.72,,,417.5,41.53,0.0,417.5,41.53,0.0,417.5,41.53,0.0,0.0,0,0.0,0
178,2.97,5,green,2896,454,4.0,4.0,180.0,3pt_arc,0,,,250.0,none,327457.5,2136.2,579.2,2,0,,0.0,-14.0,-11.0,596.0,660.0,,,0.0,535.8,-2.65,0,0,21,0,1.0,2.0,4.0,4.0,0.0,2.0,4.0,4.0,0.0,2.0,4.0,4.0,0.0,0,0,0,21,107.72,,,534.5,-1.32,0.0,534.5,-1.32,0.0,534.5,-1.32,0.0,0.0,0,0.0,0
179,2.986,1,green,2783,677,0.0,0.0,0.0,3pt_arc,0,,,479.5,none,192369.0,1739.5,636.8,2,0,,0.0,902.0,-10.0,1294.0,634.0,,,0.0,500.7,0.0,0,0,22,0,1.0,0.55,12.04,12.0,0.0,0.55,12.04,12.0,0.0,0.55,12.04,12.0,0.0,0,0,0,22,208.41,,,501.2,0.49,0.0,501.2,0.49,0.0,501.2,0.49,0.0,0.0,0,0.0,0
179,2.986,2,green,3254,587,0.0,0.0,0.0,paint,0,,,479.5,none,192369.0,1739.5,636.8,2,0,,0.0,-15.0,-4.0,418.0,657.0,,,0.0,268.5,0.0,0,0,22,0,1.0,0.09,2.0,2.0,0.0,0.09,2.0,2.0,0.0,0.09,2.0,2.0,0.0,0,0,0,22,208.41,,,268.5,0.0,0.0,268.5,0.0,0.0,268.5,0.0,0.0,0.0,0,0.0,0
179,2.986,3,green,616,672,833.64,299.04,172.8,3pt_arc,0,,,316.9,none,192369.0,1739.5,636.8,2,0,,0.0,401.7359008789063,-26.2310791015625,1185.8574829101562,638.4812622070312,,,0.0,497.9,807.48,0,0,22,0,0.867,178.85,833.64,1967.3,0.0,178.85,833.64,1967.3,0.0,178.85,833.64,1967.3,0.0,0,0,0,22,208.41,,,1314.4,68.19,0.0,1314.4,68.19,0.0,1314.4,68.19,0.0,0.0,0,0.0,0
179,2.986,4,green,305,611,0.0,0.0,0.0,paint,0,,,316.9,none,192369.0,1739.5,636.8,2,0,,0.0,276.0,-15.0,891.0,656.0,,,0.0,287.8,0.0,0,0,22,0,1.0,65.6,930.23,1246.4,0.0,65.6,930.23,1246.4,0.0,65.6,930.23,1246.4,0.0,0,0,0,22,208.41,,,410.7,39.35,0.0,410.7,39.35,0.0,410.7,39.35,0.0,0.0,0,0.0,0
180,3.003,1,green,2783,677,0.0,0.0,0.0,3pt_arc,0,,,479.5,none,127053.0,2114.0,625.0,2,0,,0.0,902.0,-11.0,1294.0,635.0,,,0.0,500.7,0.0,0,0,23,0,1.0,0.52,12.04,12.0,0.0,0.52,12.04,12.0,0.0,0.52,12.04,12.0,0.0,0,0,0,23,0.0,,,501.2,0.47,0.0,501.2,0.47,0.0,501.2,0.47,0.0,0.0,0,0.0,0
180,3.003,2,green,3254,587,0.0,0.0,0.0,paint,0,,,479.5,none,127053.0,2114.0,625.0,2,0,,0.0,-15.0,-4.0,401.0,656.0,,,0.0,268.5,0.0,0,0,23,0,1.0,0.09,2.0,2.0,0.0,0.09,2.0,2.0,0.0,0.09,2.0,2.0,0.0,0,0,0,23,0.0,,,268.5,0.0,0.0,268.5,0.0,0.0,268.5,0.0,0.0,0.0,0,0.0,0
180,3.003,4,green,305,611,0.0,0.0,0.0,paint,0,,,2478.9,none,127053.0,2114.0,625.0,2,0,,0.0,276.0,-15.0,891.0,656.0,,,0.0,287.8,0.0,0,0,23,0,1.0,62.32,930.23,1246.4,0.0,62.32,930.23,1246.4,0.0,62.32,930.23,1246.4,0.0,0,0,0,23,0.0,,,404.5,37.38,0.0,404.5,37.38,0.0,404.5,37.38,0.0,0.0,0,0.0,0
181,3.02,1,green,2783,677,0.0,0.0,0.0,3pt_arc,0,,,240.7,none,406632.0,1961.0,598.4,2,0,,0.0,893.0,-10.0,1295.0,612.0,,,0.0,500.7,0.0,0,0,24,0,1.0,0.5,12.04,12.0,0.0,0.5,12.04,12.0,0.0,0.5,12.04,12.0,0.0,0,0,0,24,9.96,,,501.2,0.45,0.0,501.2,0.45,0.0,501.2,0.45,0.0,0.0,0,0.0,0
181,3.02,2,green,3254,587,0.0,0.0,0.0,paint,0,,,431.1,none,406632.0,1961.0,598.4,2,0,,0.0,-15.0,-11.0,389.0,633.0,,,0.0,268.5,0.0,0,0,24,0,1.0,0.08,2.0,2.0,0.0,0.08,2.0,2.0,0.0,0.08,2.0,2.0,0.0,0,0,0,24,9.96,,,268.5,0.0,0.0,268.5,0.0,0.0,268.5,0.0,0.0,0.0,0,0.0,0
181,3.02,3,green,616,672,0.0,-833.64,0.0,3pt_arc,0,,,316.9,none,406632.0,1961.0,598.4,2,0,,0.0,466.0,-15.0,1196.0,635.0,,,0.0,497.9,0.0,0,0,24,0,1.0,163.95,833.64,1967.3,0.0,163.95,833.64,1967.3,0.0,163.95,833.64,1967.3,0.0,0,0,0,24,9.96,,,1246.4,62.51,0.0,1246.4,62.51,0.0,1246.4,62.51,0.0,0.0,0,0.0,0
181,3.02,4,green,305,611,0.0,0.0,0.0,paint,0,,,316.9,none,406632.0,1961.0,598.4,2,0,,0.0,275.0,-12.0,880.0,626.0,,,0.0,287.8,0.0,0,0,24,0,1.0,59.35,930.23,1246.4,0.0,59.35,930.23,1246.4,0.0,59.35,930.23,1246.4,0.0,0,0,0,24,9.96,,,399.0,35.6,0.0,399.0,35.6,0.0,399.0,35.6,0.0,0.0,0,0.0,0
181,3.02,5,green,2847,445,49.82,45.82,190.4,3pt_arc,0,,,240.7,none,406632.0,1961.0,598.4,2,0,,0.0,-14.0,-12.0,587.0,636.0,,,0.0,575.8,-40.78,0,0,24,0,1.0,17.94,49.82,53.8,0.0,17.94,49.82,53.8,0.0,17.94,49.82,53.8,0.0,0,0,0,24,9.96,,,548.3,-14.48,0.0,548.3,-14.48,0.0,548.3,-14.48,0.0,0.0,0,0.0,0
182,3.036,1,green,2783,677,0.0,0.0,0.0,3pt_arc,0,,,242.2,none,408082.5,1961.4,598.2,2,0,,0.0,893.0,-11.0,1295.0,611.0,,,0.0,500.7,0.0,0,0,25,0,1.0,0.48,12.04,12.0,0.0,0.48,12.04,12.0,0.0,0.48,12.04,12.0,0.0,0,0,0,25,0.45,,,501.1,0.43,0.0,501.1,0.43,0.0,501.1,0.43,0.0,0.0,0,0.0,0
182,3.036,2,green,3254,587,0.0,0.0,0.0,paint,0,,,429.5,none,408082.5,1961.4,598.2,2,0,,0.0,-15.0,-10.0,390.0,633.0,,,0.0,268.5,0.0,0,0,25,0,1.0,0.08,2.0,2.0,0.0,0.08,2.0,2.0,0.0,0.08,2.0,2.0,0.0,0,0,0,25,0.45,,,268.5,0.0,0.0,268.5,0.0,0.0,268.5,0.0,0.0,0.0,0,0.0,0
182,3.036,3,green,616,672,0.0,0.0,0.0,3pt_arc,0,,,316.9,none,408082.5,1961.4,598.2,2,0,,0.0,466.0,-15.0,1197.0,635.0,,,0.0,497.9,0.0,0,0,25,0,1.0,151.33,833.64,1967.3,0.0,151.33,833.64,1967.3,0.0,151.33,833.64,1967.3,0.0,0,0,0,25,0.45,,,1188.8,57.7,0.0,1188.8,57.7,0.0,1188.8,57.7,0.0,0.0,0,0.0,0
182,3.036,4,green,305,611,0.0,0.0,0.0,paint,0,,,316.9,none,408082.5,1961.4,598.2,2,0,,0.0,275.0,-12.0,884.0,625.0,,,0.0,287.8,0.0,0,0,25,0,1.0,56.65,930.23,1246.4,0.0,56.65,930.23,1246.4,0.0,56.65,930.23,1246.4,0.0,0,0,0,25,0.45,,,393.9,33.98,0.0,393.9,33.98,0.0,393.9,33.98,0.0,0.0,0,0.0,0
182,3.036,5,green,2849,444,2.24,-47.58,333.4,3pt_arc,0,,,242.2,none,408082.5,1961.4,598.2,2,0,,0.0,-15.0,-12.0,595.0,636.0,,,0.0,575.1,0.68,0,0,25,0,1.0,14.02,49.82,56.1,0.0,14.02,49.82,56.1,0.0,14.02,49.82,56.1,0.0,0,0,0,25,0.45,,,555.0,-10.69,0.0,555.0,-10.69,0.0,555.0,-10.69,0.0,0.0,0,0.0,0
183,3.053,1,green,2623,543,208.7,208.7,219.9,3pt_arc,0,,,265.2,none,301753.5,1933.8,572.4,2,0,,0.0,896.0,-4.0,1295.0,570.0,,,0.0,701.3,-202.95,0,0,26,0,1.0,8.49,208.7,220.7,0.0,8.49,208.7,220.7,0.0,8.49,208.7,220.7,0.0,0,0,0,26,46.25,,,508.8,-7.39,0.0,508.8,-7.39,0.0,508.8,-7.39,0.0,0.0,0,0.0,0
183,3.053,2,green,3254,587,0.0,0.0,0.0,paint,0,,,407.1,none,301753.5,1933.8,572.4,2,0,,0.0,-15.0,-9.0,473.0,587.0,,,0.0,268.5,0.0,0,0,26,0,1.0,0.08,2.0,2.0,0.0,0.08,2.0,2.0,0.0,0.08,2.0,2.0,0.0,0,0,0,26,46.25,,,268.5,0.0,0.0,268.5,0.0,0.0,268.5,0.0,0.0,0.0,0,0.0,0
183,3.053,3,green,616,672,0.0,0.0,0.0,3pt_arc,0,,,316.9,none,301753.5,1933.8,572.4,2,0,,0.0,491.0,-15.0,1283.0,571.0,,,0.0,497.9,0.0,0,0,26,0,1.0,140.52,833.64,1967.3,0.0,140.52,833.64,1967.3,0.0,140.52,833.64,1967.3,0.0,0,0,0,26,46.25,,,1139.4,53.58,0.0,1139.4,53.58,0.0,1139.4,53.58,0.0,0.0,0,0.0,0
183,3.053,4,green,305,611,0.0,0.0,0.0,paint,0,,,316.9,none,301753.5,1933.8,572.4,2,0,,0.0,277.0,-9.0,858.0,583.0,,,0.0,287.8,0.0,0,0,26,0,1.0,54.19,930.23,1246.4,0.0,54.19,930.23,1246.4,0.0,54.19,930.23,1246.4,0.0,0,0,0,26,46.25,,,389.3,32.5,0.0,389.3,32.5,0.0,389.3,32.5,0.0,0.0,0,0.0,0
183,3.053,5,green,2871,449,22.56,20.32,12.8,3pt_arc,0,,,265.2,none,301753.5,1933.8,572.4,2,0,,0.0,-14.81304931640625,-17.08013916015625,592.5000610351562,633.9848022460938,,,0.0,556.3,18.67,0,0,26,0,0.933,15.72,49.82,78.6,0.0,15.72,49.82,78.6,0.0,15.72,49.82,78.6,0.0,0,0,0,26,46.25,,,555.2,-4.82,0.0,555.2,-4.82,0.0,555.2,-4.82,0.0,0.0,0,0.0,0
184,3.07,1,green,2625,544,2.24,-206.46,26.6,3pt_arc,0,,,260.3,none,303276.0,1933.4,572.4,2,0,,0.0,891.0,-7.0,1295.0,569.0,,,0.0,699.1,2.24,0,0,27,0,1.0,8.26,208.7,223.0,0.0,8.26,208.7,223.0,0.0,8.26,208.7,223.0,0.0,0,0,0,27,1.27,,,515.9,-7.03,0.0,515.9,-7.03,0.0,515.9,-7.03,0.0,0.0,0,0.0,0
184,3.07,2,green,3254,587,0.0,0.0,0.0,paint,0,,,411.2,none,303276.0,1933.4,572.4,2,0,,0.0,-15.0,-9.0,435.0,586.0,,,0.0,268.5,0.0,0,0,27,0,1.0,0.07,2.0,2.0,0.0,0.07,2.0,2.0,0.0,0.07,2.0,2.0,0.0,0,0,0,27,1.27,,,268.5,0.0,0.0,268.5,0.0,0.0,268.5,0.0,0.0,0.0,0,0.0,0
184,3.07,3,green,616,672,0.0,0.0,0.0,3pt_arc,0,,,316.9,none,303276.0,1933.4,572.4,2,0,,0.0,491.0,-15.0,1282.0,571.0,,,0.0,497.9,0.0,0,0,27,0,1.0,131.16,833.64,1967.3,0.0,131.16,833.64,1967.3,0.0,131.16,833.64,1967.3,0.0,0,0,0,27,1.27,,,1096.7,50.01,0.0,1096.7,50.01,0.0,1096.7,50.01,0.0,0.0,0,0.0,0
184,3.07,4,green,305,611,0.0,0.0,0.0,paint,0,,,316.9,none,303276.0,1933.4,572.4,2,0,,0.0,277.0,-10.0,854.0,582.0,,,0.0,287.8,0.0,0,0,27,0,1.0,51.93,930.23,1246.4,0.0,51.93,930.23,1246.4,0.0,51.93,930.23,1246.4,0.0,0,0,0,27,1.27,,,385.1,31.15,0.0,385.1,31.15,0.0,385.1,31.15,0.0,0.0,0,0.0,0
184,3.07,5,green,2867,448,4.12,-18.44,194.0,3pt_arc,0,,,260.3,none,303276.0,1933.4,572.4,2,0,,0.0,-14.714813232421877,-19.75106811523437,592.5982971191406,631.3138732910156,,,0.0,559.8,-3.47,0,0,27,0,0.867,13.79,49.82,82.7,0.0,13.79,49.82,82.7,0.0,13.79,49.82,82.7,0.0,0,0,0,27,1.27,,,556.0,-4.59,0.0,556.0,-4.59,0.0,556.0,-4.59,0.0,0.0,0,0.0,0
185,3.086,1,green,2760,573,138.08,135.84,12.1,3pt_arc,0,,,162.1,none,304810.5,1959.4,578.0,2,0,,0.0,892.0,-15.0,1295.0,518.0,,,0.0,566.3,131.47,0,0,28,0,1.0,12.9,208.7,361.1,0.0,12.9,208.7,361.1,0.0,12.9,208.7,361.1,0.0,0,0,0,28,28.64,,,517.7,-2.08,0.0,517.7,-2.08,0.0,517.7,-2.08,0.0,0.0,0,0.0,0
185,3.086,2,green,3254,587,0.0,0.0,0.0,paint,0,,,416.2,none,304810.5,1959.4,578.0,2,0,,0.0,-14.0,-7.0,338.0,534.0,,,0.0,268.5,0.0,0,0,28,0,1.0,0.07,2.0,2.0,0.0,0.07,2.0,2.0,0.0,0.07,2.0,2.0,0.0,0,0,0,28,28.64,,,268.5,0.0,0.0,268.5,0.0,0.0,268.5,0.0,0.0,0.0,0,0.0,0
185,3.086,3,green,616,672,0.0,0.0,0.0,3pt_arc,0,,,316.9,none,304810.5,1959.4,578.0,2,0,,0.0,673.0,-15.0,1295.0,523.0,,,0.0,497.9,0.0,0,0,28,0,1.0,122.96,833.64,1967.3,0.0,122.96,833.64,1967.3,0.0,122.96,833.64,1967.3,0.0,0,0,0,28,28.64,,,1059.2,46.88,0.0,1059.2,46.88,0.0,1059.2,46.88,0.0,0.0,0,0.0,0
185,3.086,4,green,305,611,0.0,0.0,0.0,paint,0,,,316.9,none,304810.5,1959.4,578.0,2,0,,0.0,289.0,-15.0,1040.0,521.0,,,0.0,287.8,0.0,0,0,28,0,1.0,49.86,930.23,1246.4,0.0,49.86,930.23,1246.4,0.0,49.86,930.23,1246.4,0.0,0,0,0,28,28.64,,,381.2,29.9,0.0,381.2,29.9,0.0,381.2,29.9,0.0,0.0,0,0.0,0
185,3.086,5,green,2862,447,5.1,0.98,191.3,3pt_arc,0,,,162.1,none,304810.5,1959.4,578.0,2,0,,0.0,-14.6165771484375,-22.4219970703125,592.696533203125,628.6429443359375,,,0.0,564.0,-4.17,0,0,28,0,0.8,12.55,49.82,87.8,0.0,12.55,49.82,87.8,0.0,12.55,49.82,87.8,0.0,0,0,0,28,28.64,,,557.1,-4.53,0.0,557.1,-4.53,0.0,557.1,-4.53,0.0,0.0,0,0.0,0
186,3.103,1,green,2760,573,0.0,-138.08,0.0,3pt_arc,0,,,159.2,none,212680.5,2293.8,554.2,2,0,,0.0,892.0,-15.0,1295.0,518.0,,,0.0,566.3,0.0,0,0,29,0,1.0,12.45,208.7,361.1,0.0,12.45,208.7,361.1,0.0,12.45,208.7,361.1,0.0,0,0,0,29,1.52,,,519.4,-2.01,0.0,519.4,-2.01,0.0,519.4,-2.01,0.0,0.0,0,0.0,0
186,3.103,2,green,3254,587,0.0,0.0,0.0,paint,0,,,422.2,none,212680.5,2293.8,554.2,2,0,,0.0,-14.0,-7.0,338.0,533.0,,,0.0,268.5,0.0,0,0,29,0,1.0,0.07,2.0,2.0,0.0,0.07,2.0,2.0,0.0,0.07,2.0,2.0,0.0,0,0,0,29,1.52,,,268.5,0.0,0.0,268.5,0.0,0.0,268.5,0.0,0.0,0.0,0,0.0,0
186,3.103,4,green,305,611,0.0,0.0,0.0,paint,0,,,2455.3,none,212680.5,2293.8,554.2,2,0,,0.0,289.0,-15.0,1041.0,521.0,,,0.0,287.8,0.0,0,0,29,0,1.0,47.94,930.23,1246.4,0.0,47.94,930.23,1246.4,0.0,47.94,930.23,1246.4,0.0,0,0,0,29,1.52,,,377.6,28.75,0.0,377.6,28.75,0.0,377.6,28.75,0.0,0.0,0,0.0,0
186,3.103,5,green,2856,446,6.08,0.98,189.5,3pt_arc,0,,,159.2,none,212680.5,2293.8,554.2,2,0,,0.0,-14.518341064453123,-25.092926025390625,592.7947692871094,625.9720153808594,,,0.0,568.8,-4.88,0,0,29,0,0.733,11.74,49.82,93.9,0.0,11.74,49.82,93.9,0.0,11.74,49.82,93.9,0.0,0,0,0,29,1.52,,,558.6,-4.58,0.0,558.6,-4.58,0.0,558.6,-4.58,0.0,0.0,0,0.0,0
187,3.12,1,green,2942,613,186.34,186.34,12.4,paint,0,,,190.6,none,248796.0,2419.2,567.4,3,0,,0.0,897.0,-15.0,1295.0,451.0,,,0.0,392.7,167.85,0,0,30,0,1.0,18.25,208.7,547.4,0.0,18.25,208.7,547.4,0.0,18.25,208.7,547.4,0.0,0,0,0,30,463.88,,,515.1,3.65,0.0,515.1,3.65,0.0,515.1,3.65,0.0,0.0,0,0.0,0
187,3.12,2,green,3254,587,0.0,0.0,0.0,paint,0,,,313.1,none,248796.0,2419.2,567.4,3,0,,0.0,-14.0,-15.0,336.0,462.0,,,0.0,268.5,0.0,0,0,30,0,1.0,0.07,2.0,2.0,0.0,0.07,2.0,2.0,0.0,0.07,2.0,2.0,0.0,0,0,0,30,463.88,,,268.5,0.0,0.0,268.5,0.0,0.0,268.5,0.0,0.0,0.0,0,0.0,0
187,3.12,3,green,2743,581,2128.95,2128.95,357.6,3pt_arc,0,,,174.3,none,248796.0,2419.2,567.4,3,0,,0.0,705.4920959472656,-57.76177978515625,1405.4395446777344,512.1321411132812,,,0.0,577.3,1827.86,0,0,30,0,0.867,240.96,2128.95,4096.3,0.0,240.96,2128.95,4096.3,0.0,240.96,2128.95,4096.3,0.0,0,0,0,30,463.88,,,1030.9,151.65,0.0,1030.9,151.65,0.0,1030.9,151.65,0.0,0.0,0,0.0,0
187,3.12,4,green,305,611,0.0,0.0,0.0,paint,0,,,2438.2,none,248796.0,2419.2,567.4,3,0,,0.0,278.0,-15.0,885.0,466.0,,,0.0,287.8,0.0,0,0,30,0,1.0,46.16,930.23,1246.4,0.0,46.16,930.23,1246.4,0.0,46.16,930.23,1246.4,0.0,0,0,0,30,463.88,,,374.3,27.69,0.0,374.3,27.69,0.0,374.3,27.69,0.0,0.0,0,0.0,0
187,3.12,5,green,2852,445,4.12,-1.96,194.0,3pt_arc,0,,,174.3,none,248796.0,2419.2,567.4,3,0,,0.0,-14.42010498046875,-27.76385498046875,592.8930053710938,623.3010864257812,,,0.0,572.3,-3.5,0,0,30,0,0.667,10.89,49.82,98.0,0.0,10.89,49.82,98.0,0.0,10.89,49.82,98.0,0.0,0,0,0,30,463.88,,,560.1,-4.46,0.0,560.1,-4.46,0.0,560.1,-4.46,0.0,0.0,0,0.0,0
188,3.136,1,green,2946,614,4.12,-182.22,14.0,paint,0,,,176.4,none,59569.5,2319.8,596.8,3,0,,0.0,896.0,-15.0,1295.0,450.0,,,0.0,388.9,3.76,0,0,31,0,1.0,18.38,208.7,551.5,0.0,17.79,208.7,551.5,0.0,17.79,208.7,551.5,0.0,0,0,0,31,8.93,,,511.0,3.77,0.0,511.1,3.65,0.0,511.1,3.65,0.0,0.0,0,0.0,0
188,3.136,2,green,3254,587,0.0,0.0,0.0,paint,0,,,309.2,none,59569.5,2319.8,596.8,3,0,,0.0,-14.0,-15.0,336.0,462.0,,,0.0,268.5,0.0,0,0,31,0,1.0,0.07,2.0,2.0,0.0,0.06,2.0,2.0,0.0,0.06,2.0,2.0,0.0,0,0,0,31,8.93,,,268.5,0.0,0.0,268.5,0.0,0.0,268.5,0.0,0.0,0.0,0,0.0,0
188,3.136,3,green,2774,575,31.58,-2097.37,349.0,3pt_arc,0,,,176.4,none,59569.5,2319.8,596.8,3,0,,0.0,750.9432678222656,-72.66220092773438,1450.8907165527344,497.2317199707031,,,0.0,553.2,23.68,0,0,31,0,0.8,229.33,2128.95,4127.9,0.0,229.33,2128.95,4127.9,0.0,229.33,2128.95,4127.9,0.0,0,0,0,31,8.93,,,1004.4,144.54,0.0,1004.4,144.54,0.0,1004.4,144.54,0.0,0.0,0,0.0,0
188,3.136,4,green,305,611,0.0,0.0,0.0,paint,0,,,2469.3,none,59569.5,2319.8,596.8,3,0,,0.0,278.0,-15.0,885.0,466.0,,,0.0,287.8,0.0,0,0,31,0,1.0,44.51,930.23,1246.4,0.0,44.51,930.23,1246.4,0.0,44.51,930.23,1246.4,0.0,0,0,0,31,8.93,,,371.2,26.7,0.0,371.2,26.7,0.0,371.2,26.7,0.0,0.0,0,0.0,0
189,3.153,1,green,2923,609,23.54,19.42,192.3,paint,0,,,130.9,none,242670.0,2426.4,564.4,3,0,,0.0,896.4086608886719,-42.41911315917969,1296.0705871582031,443.31092834472656,,,0.0,410.2,-21.39,0,0,32,0,0.933,18.77,208.7,563.0,0.0,17.97,208.7,575.1,0.0,17.97,208.7,575.1,0.0,0,0,0,32,9.61,,,508.0,2.7,0.0,507.9,2.87,0.0,507.9,2.87,0.0,0.0,0,0.0,0
189,3.153,2,green,3254,587,0.0,0.0,0.0,paint,0,,,331.7,none,242670.0,2426.4,564.4,3,0,,0.0,-15.0,-12.0,337.0,369.0,,,0.0,268.5,0.0,0,0,32,0,1.0,0.0,0.0,0.0,0.0,0.06,2.0,2.0,0.0,0.06,2.0,2.0,0.0,0,0,0,32,9.61,,,268.5,0.0,0.0,268.5,0.0,0.0,268.5,0.0,0.0,0.0,0,0.0,0
189,3.153,3,green,2798,570,24.52,-7.06,348.2,3pt_arc,0,,,130.9,none,242670.0,2426.4,564.4,3,0,,0.0,796.3944396972656,-87.5626220703125,1496.3418884277344,482.331298828125,,,0.0,535.3,17.63,0,0,32,0,0.733,218.55,2128.95,4152.4,0.0,218.55,2128.95,4152.4,0.0,218.55,2128.95,4152.4,0.0,0,0,0,32,9.61,,,979.7,137.86,0.0,979.7,137.86,0.0,979.7,137.86,0.0,0.0,0,0.0,0
189,3.153,4,green,305,611,0.0,0.0,0.0,paint,0,,,2493.3,none,242670.0,2426.4,564.4,3,0,,0.0,277.0,-14.0,835.0,375.0,,,0.0,287.8,0.0,0,0,32,0,1.0,42.98,930.23,1246.4,0.0,42.98,930.23,1246.4,0.0,42.98,930.23,1246.4,0.0,0,0,0,32,9.61,,,368.3,25.78,0.0,368.3,25.78,0.0,368.3,25.78,0.0,0.0,0,0.0,0
189,3.153,5,green,2852,445,0.0,-4.12,0.0,3pt_arc,0,,,136.2,none,242670.0,2426.4,564.4,3,0,,0.0,526.0,418.0,1101.0,672.0,,,0.0,572.3,0.0,0,0,32,0,1.0,9.8,49.82,98.0,0.0,9.8,49.82,98.0,0.0,9.8,49.82,98.0,0.0,0,0,0,32,9.61,,,561.3,-4.01,0.0,561.3,-4.01,0.0,561.3,-4.01,0.0,0.0,0,0.0,0
190,3.17,1,green,2962,617,39.81,16.27,11.6,paint,0,,,204.2,none,254934.0,2343.2,565.0,3,0,,0.0,897.0041198730469,-56.23501586914063,1296.666046142578,429.4950256347656,,,0.0,374.6,35.17,0,0,33,0,0.867,20.09,208.7,602.8,0.0,18.63,208.7,614.9,0.0,18.63,208.7,614.9,0.0,0,0,0,33,9.95,,,503.8,3.87,0.0,503.9,3.85,0.0,503.9,3.85,0.0,0.0,0,0.0,0
190,3.17,2,green,3254,587,0.0,0.0,0.0,paint,0,,,293.5,none,254934.0,2343.2,565.0,3,0,,0.0,-13.0,-12.0,338.0,370.0,,,0.0,268.5,0.0,0,0,33,0,1.0,0.0,0.0,0.0,0.0,0.06,2.0,2.0,0.0,0.06,2.0,2.0,0.0,0,0,0,33,9.95,,,268.5,0.0,0.0,268.5,0.0,0.0,268.5,0.0,0.0,0.0,0,0.0,0
190,3.17,4,green,305,611,0.0,0.0,0.0,paint,0,,,2552.4,none,254934.0,2343.2,565.0,3,0,,0.0,277.0,-14.0,831.0,375.0,,,0.0,287.8,0.0,0,0,33,0,1.0,41.55,930.23,1246.4,0.0,41.55,930.23,1246.4,0.0,41.55,930.23,1246.4,0.0,0,0,0,33,9.95,,,365.6,24.92,0.0,365.6,24.92,0.0,365.6,24.92,0.0,0.0,0,0.0,0
190,3.17,5,green,2852,445,0.0,0.0,0.0,3pt_arc,0,,,204.2,none,254934.0,2343.2,565.0,3,0,,0.0,526.0,417.0,1103.0,672.0,,,0.0,572.3,0.0,0,0,33,0,1.0,8.91,49.82,98.0,0.0,8.91,49.82,98.0,0.0,8.91,49.82,98.0,0.0,0,0,0,33,9.95,,,562.3,-3.65,0.0,562.3,-3.65,0.0,562.3,-3.65,0.0,0.0,0,0.0,0
191,3.187,1,green,2962,617,0.0,-39.81,0.0,paint,0,,,293.5,none,40731.0,2173.7,605.0,3,0,,0.0,274.0,-15.0,469.0,253.0,,,0.0,374.6,0.0,0,0,34,0,1.0,20.09,208.7,602.8,0.0,18.08,208.7,614.9,0.0,18.08,208.7,614.9,0.0,0,0,0,34,0.0,,,499.6,3.87,0.0,500.1,3.74,0.0,500.1,3.74,0.0,0.0,0,0.0,0
191,3.187,2,green,3254,587,0.0,0.0,0.0,paint,0,,,293.5,none,40731.0,2173.7,605.0,3,0,,0.0,-14.0,-15.0,337.0,251.0,,,0.0,268.5,0.0,0,0,34,0,1.0,0.0,0.0,0.0,0.0,0.06,2.0,2.0,0.0,0.06,2.0,2.0,0.0,0,0,0,34,0.0,,,268.5,0.0,0.0,268.5,0.0,0.0,268.5,0.0,0.0,0.0,0,0.0,0
191,3.187,4,green,305,611,0.0,0.0,0.0,paint,0,,,2657.0,none,40731.0,2173.7,605.0,3,0,,0.0,274.0,-15.0,609.0,254.0,,,0.0,287.8,0.0,0,0,34,0,1.0,41.55,930.23,1246.4,0.0,40.21,930.23,1246.4,0.0,40.21,930.23,1246.4,0.0,0,0,0,34,0.0,,,331.0,24.92,0.0,363.1,24.12,0.0,363.1,24.12,0.0,0.0,0,0.0,0
192,3.203,1,green,2277,338,739.64,739.64,202.2,mid_range,0,,,1008.2,none,378874.5,1945.3,512.0,2,0,,0.0,72.10130310058594,-77.58674621582031,335.3219451904297,262.9899444580078,,,0.0,1102.8,-735.82,0,0,35,0,0.933,44.75,739.64,1342.5,0.0,38.7,739.64,1354.5,0.0,38.7,739.64,1354.5,0.0,0,0,0,35,246.55,,,519.7,-20.66,0.0,517.3,-17.39,0.0,517.3,-17.39,0.0,0.0,0,0.0,0
192,3.203,2,green,3254,587,0.0,0.0,0.0,paint,0,,,1008.2,none,378874.5,1945.3,512.0,2,0,,0.0,-14.0,-15.0,336.0,251.0,,,0.0,268.5,0.0,0,0,35,0,1.0,0.0,0.0,0.0,0.0,0.06,2.0,2.0,0.0,0.06,2.0,2.0,0.0,0,0,0,35,246.55,,,268.5,0.0,0.0,268.5,0.0,0.0,268.5,0.0,0.0,0.0,0,0.0,0
192,3.203,4,green,305,611,0.0,0.0,0.0,paint,0,,,1990.8,none,378874.5,1945.3,512.0,2,0,,0.0,274.0,-15.0,612.0,254.0,,,0.0,287.8,0.0,0,0,35,0,1.0,41.55,930.23,1246.4,0.0,38.95,930.23,1246.4,0.0,38.95,930.23,1246.4,0.0,0,0,0,35,246.55,,,296.4,24.92,0.0,360.8,23.36,0.0,360.8,23.36,0.0,0.0,0,0.0,0
193,3.22,2,green,2273,340,1011.62,1011.62,194.1,mid_range,0,,,246.0,none,0.0,2156.0,302.0,0,0,,0.0,-14.434417724609377,-62.34318542480469,336.47528076171875,239.78797912597656,,,0.0,1105.4,-982.98,0,0,36,0,0.933,33.72,1011.62,1011.6,0.0,28.16,1011.62,1013.6,0.0,28.16,1011.62,1013.6,0.0,0,0,0,36,1390.0,,,296.4,-32.77,0.0,291.7,-27.3,0.0,291.7,-27.3,0.0,0.0,0,0.0,0
193,3.22,4,green,2039,264,1768.38,1768.38,348.7,mid_range,0,,,246.0,none,0.0,2156.0,302.0,0,0,,0.0,199.1298828125,-62.49345397949219,595.5574951171875,243.3874664306641,,,0.0,1348.5,1406.07,0,0,36,0,0.933,69.48,1768.38,2084.6,0.0,91.36,1768.38,3014.8,0.0,91.36,1768.38,3014.8,0.0,0,0,0,36,1390.0,,,323.2,53.44,0.0,390.7,65.26,0.0,390.7,65.26,0.0,0.0,0,0.0,0
194,3.237,2,green,2243,334,30.59,-981.03,191.3,mid_range,0,,,200.2,none,0.0,2147.5,304.0,0,0,,0.0,-14.516693115234377,-86.14459228515625,336.3930053710937,215.986572265625,,,0.0,1134.8,-29.4,0,0,37,0,0.867,34.74,1011.62,1042.2,0.0,28.22,1011.62,1044.2,0.0,28.22,1011.62,1044.2,0.0,0,0,0,37,23.49,,,325.3,-33.75,0.0,314.5,-27.36,0.0,314.5,-27.36,0.0,0.0,0,0.0,0
194,3.237,4,green,2052,274,16.4,-1751.98,37.6,mid_range,0,,,200.2,none,0.0,2147.5,304.0,0,0,,0.0,160.1639404296875,-86.25274658203125,556.591552734375,219.628173828125,,,0.0,1332.4,16.06,0,0,37,0,0.867,59.49,1768.38,1784.8,0.0,89.15,1768.38,3031.2,0.0,89.15,1768.38,3031.2,0.0,0,0,0,37,23.49,,,358.0,47.4,0.0,418.4,63.82,0.0,418.4,63.82,0.0,0.0,0,0.0,0
195,3.253,2,green,2213,328,30.59,0.0,191.3,mid_range,0,,,156.9,none,0.0,2138.0,305.0,0,0,,0.0,-14.598968505859377,-109.9459991455078,336.31072998046875,192.18516540527344,,,0.0,1164.2,-29.46,0,0,38,0,0.8,35.76,1011.62,1072.8,0.0,28.28,1011.62,1074.8,0.0,28.28,1011.62,1074.8,0.0,0,0,0,38,22.09,,,355.1,-34.73,0.0,336.9,-27.42,0.0,336.9,-27.42,0.0,0.0,0,0.0,0
195,3.253,4,green,2063,282,13.6,-2.8,36.0,mid_range,0,,,156.9,none,0.0,2138.0,305.0,0,0,,0.0,121.197998046875,-110.01203918457033,517.6256103515625,195.86888122558597,,,0.0,1319.0,13.38,0,0,38,0,0.8,59.95,1768.38,1798.4,0.0,86.99,1768.38,3044.8,0.0,86.99,1768.38,3044.8,0.0,0,0,0,38,22.09,,,392.4,47.85,0.0,444.1,62.37,0.0,444.1,62.37,0.0,0.0,0,0.0,0
196,3.27,4,green,2073,289,12.21,-1.39,35.0,mid_range,0,,,,none,0.0,2073.0,289.0,0,0,,0.0,82.2320556640625,-133.77133178710938,478.65966796875,172.10958862304688,,,0.0,1307.0,12.05,0,0,39,0,0.733,60.35,1768.38,1810.6,0.0,84.92,1768.38,3057.0,0.0,84.92,1768.38,3057.0,0.0,0,0,0,39,12.21,,,426.3,48.25,0.0,468.1,60.98,0.0,468.1,60.98,0.0,0.0,0,0.0,0
197,3.287,4,green,2081,294,9.43,-2.78,32.0,mid_range,0,,,,none,0.0,2081.0,294.0,0,0,,0.0,43.26612854003906,-157.53062438964844,439.69374084472656,148.3502960205078,,,0.0,1297.6,9.38,0,0,40,0,0.667,60.67,1768.38,1820.0,0.0,82.88,1768.38,3066.4,0.0,82.88,1768.38,3066.4,0.0,0,0,0,40,9.43,,,460.0,48.56,0.0,490.5,59.58,0.0,490.5,59.58,0.0,0.0,0,0.0,0
