file_name,frame_count,source_frames,prior_g113_frames,added_frames,sheet_path
kbo__kbo_2WqtNa-uUZU.mp4,57601,7256;11520;24479;38450;46080,7256;24479;38450,11520;46080,sheets/kbo__kbo_2WqtNa-uUZU.jpg
kbo__kbo_8yxSFxuR2Lk.mp4,28890,4624;5778;13485;23112;25061,4624;13485;25061,5778;23112,sheets/kbo__kbo_8yxSFxuR2Lk.jpg
kbo__kbo_9Hv-cd-BmSY.mp4,28880,3523;5776;13611;20182;23104,3523;13611;20182,5776;23104,sheets/kbo__kbo_9Hv-cd-BmSY.jpg
kbo__kbo_ahHGpSJWcIU.mp4,28780,4866;5756;17863;19286;23024,4866;17863;19286,5756;23024,sheets/kbo__kbo_ahHGpSJWcIU.jpg
kbo__kbo_bGQwZl43E9Y.mp4,28880,3972;5776;11503;20679;23104,3972;11503;20679,5776;23104,sheets/kbo__kbo_bGQwZl43E9Y.jpg
kbo__kbo_FDSWjM_OaTs.mp4,28855,5771;6676;13637;23084;23317,6676;13637;23317,5771;23084,sheets/kbo__kbo_FDSWjM_OaTs.jpg
kbo__kbo_Lh8n_DUXyGE.mp4,28881,5776;7834;11060;22495;23104,7834;11060;22495,5776;23104,sheets/kbo__kbo_Lh8n_DUXyGE.jpg
kbo__kbo_lIxmDQyQDtc.mp4,28890,5778;8636;17090;23112;23692,8636;17090;23692,5778;23112,sheets/kbo__kbo_lIxmDQyQDtc.jpg
kbo__kbo_lrK_Hv6BEE0.mp4,57781,8467;11556;27603;46224;48175,8467;27603;48175,11556;46224,sheets/kbo__kbo_lrK_Hv6BEE0.jpg
kbo__kbo_qLQbGFQ0-EQ.mp4,28804,5760;6729;14659;23043;24892,6729;14659;24892,5760;23043,sheets/kbo__kbo_qLQbGFQ0-EQ.jpg
kbo__kbo_tzC71aneg9c.mp4,28843,5623;5768;18464;23074;25596,5623;18464;25596,5768;23074,sheets/kbo__kbo_tzC71aneg9c.jpg
kbo__kbo_W-tKSex-WPU.mp4,28854,5770;7951;11704;23083;24152,7951;11704;24152,5770;23083,sheets/kbo__kbo_W-tKSex-WPU.jpg
