render,size_bytes,width_px,height_px
+blind_renders/blind_001.jpg,58678,512,640
blind_renders/blind_002.jpg,30430,512,640
blind_renders/blind_003.jpg,36290,512,640
blind_renders/blind_004.jpg,48114,512,640
blind_renders/blind_005.jpg,46531,512,640
blind_renders/blind_006.jpg,58798,512,640
blind_renders/blind_007.jpg,31050,512,640
blind_renders/blind_008.jpg,46242,512,640
blind_renders/blind_009.jpg,58394,512,640
blind_renders/blind_010.jpg,56247,512,640
blind_renders/blind_011.jpg,57218,512,640
blind_renders/blind_012.jpg,30311,512,640
blind_renders/blind_013.jpg,67709,512,640
blind_renders/blind_014.jpg,35865,512,640
blind_renders/blind_015.jpg,54110,512,640
blind_renders/blind_016.jpg,60711,512,640
blind_renders/blind_017.jpg,53176,512,640
blind_renders/blind_018.jpg,40560,512,640
blind_renders/blind_019.jpg,32555,512,640
blind_renders/blind_020.jpg,56641,512,640
blind_renders/blind_021.jpg,42104,512,640
blind_renders/blind_022.jpg,53873,512,640
blind_renders/blind_023.jpg,35256,512,640
blind_renders/blind_024.jpg,44856,512,640
blind_renders/blind_025.jpg,33758,512,640
blind_renders/blind_026.jpg,58365,512,640
blind_renders/blind_027.jpg,58040,512,640
blind_renders/blind_028.jpg,63921,512,640
blind_renders/blind_029.jpg,41653,512,640
blind_renders/blind_030.jpg,33599,512,640
blind_renders/blind_031.jpg,45941,512,640
blind_renders/blind_032.jpg,54110,512,640
blind_renders/blind_033.jpg,28693,512,640
blind_renders/blind_034.jpg,31126,512,640
blind_renders/blind_035.jpg,67816,512,640
blind_renders/blind_036.jpg,50423,512,640
blind_renders/blind_037.jpg,30751,512,640
blind_renders/blind_038.jpg,59273,512,640
blind_renders/blind_039.jpg,36324,512,640
blind_renders/blind_040.jpg,50634,512,640
blind_renders/blind_041.jpg,59466,512,640
blind_renders/blind_042.jpg,55002,512,640
blind_renders/blind_043.jpg,57444,512,640
blind_renders/blind_044.jpg,29997,512,640
blind_renders/blind_045.jpg,58554,512,640
blind_renders/blind_046.jpg,55509,512,640
blind_renders/blind_047.jpg,61138,512,640
blind_renders/blind_048.jpg,34014,512,640
blind_renders/blind_049.jpg,30339,512,640
blind_renders/blind_050.jpg,33579,512,640
blind_renders/blind_051.jpg,31471,512,640
blind_renders/blind_052.jpg,58473,512,640
blind_renders/blind_053.jpg,37969,512,640
blind_renders/blind_054.jpg,38581,512,640
blind_renders/blind_055.jpg,55877,512,640
blind_renders/blind_056.jpg,34027,512,640
blind_renders/blind_057.jpg,29626,512,640
blind_renders/blind_058.jpg,32303,512,640
blind_renders/blind_059.jpg,57368,512,640
blind_renders/blind_060.jpg,27975,512,640
blind_renders/blind_061.jpg,63765,512,640
blind_renders/blind_062.jpg,64436,512,640
blind_renders/blind_063.jpg,57551,512,640
blind_renders/blind_064.jpg,61698,512,640
blind_renders/blind_065.jpg,58265,512,640
blind_renders/blind_066.jpg,49640,512,640
blind_renders/blind_067.jpg,52497,512,640
blind_renders/blind_068.jpg,25346,512,640
blind_renders/blind_069.jpg,33494,512,640
blind_renders/blind_070.jpg,58191,512,640
blind_renders/blind_071.jpg,33536,512,640
blind_renders/blind_072.jpg,42021,512,640
