blind_index,render
1,blind_renders/blind_001.jpg
2,blind_renders/blind_002.jpg
3,blind_renders/blind_003.jpg
4,blind_renders/blind_004.jpg
5,blind_renders/blind_005.jpg
6,blind_renders/blind_006.jpg
7,blind_renders/blind_007.jpg
8,blind_renders/blind_008.jpg
9,blind_renders/blind_009.jpg
10,blind_renders/blind_010.jpg
11,blind_renders/blind_011.jpg
12,blind_renders/blind_012.jpg
13,blind_renders/blind_013.jpg
14,blind_renders/blind_014.jpg
15,blind_renders/blind_015.jpg
16,blind_renders/blind_016.jpg
17,blind_renders/blind_017.jpg
18,blind_renders/blind_018.jpg
19,blind_renders/blind_019.jpg
20,blind_renders/blind_020.jpg
21,blind_renders/blind_021.jpg
22,blind_renders/blind_022.jpg
23,blind_renders/blind_023.jpg
24,blind_renders/blind_024.jpg
25,blind_renders/blind_025.jpg
26,blind_renders/blind_026.jpg
27,blind_renders/blind_027.jpg
28,blind_renders/blind_028.jpg
29,blind_renders/blind_029.jpg
30,blind_renders/blind_030.jpg
31,blind_renders/blind_031.jpg
32,blind_renders/blind_032.jpg
33,blind_renders/blind_033.jpg
34,blind_renders/blind_034.jpg
35,blind_renders/blind_035.jpg
36,blind_renders/blind_036.jpg
37,blind_renders/blind_037.jpg
38,blind_renders/blind_038.jpg
39,blind_renders/blind_039.jpg
40,blind_renders/blind_040.jpg
41,blind_renders/blind_041.jpg
42,blind_renders/blind_042.jpg
43,blind_renders/blind_043.jpg
44,blind_renders/blind_044.jpg
45,blind_renders/blind_045.jpg
46,blind_renders/blind_046.jpg
47,blind_renders/blind_047.jpg
48,blind_renders/blind_048.jpg
49,blind_renders/blind_049.jpg
50,blind_renders/blind_050.jpg
51,blind_renders/blind_051.jpg
52,blind_renders/blind_052.jpg
53,blind_renders/blind_053.jpg
54,blind_renders/blind_054.jpg
55,blind_renders/blind_055.jpg
56,blind_renders/blind_056.jpg
57,blind_renders/blind_057.jpg
58,blind_renders/blind_058.jpg
59,blind_renders/blind_059.jpg
60,blind_renders/blind_060.jpg
61,blind_renders/blind_061.jpg
62,blind_renders/blind_062.jpg
63,blind_renders/blind_063.jpg
64,blind_renders/blind_064.jpg
65,blind_renders/blind_065.jpg
66,blind_renders/blind_066.jpg
67,blind_renders/blind_067.jpg
68,blind_renders/blind_068.jpg
69,blind_renders/blind_069.jpg
70,blind_renders/blind_070.jpg
71,blind_renders/blind_071.jpg
72,blind_renders/blind_072.jpg
