audit_id,clip,source_file,slot,source_frame,visible_paint_corners,reachable_four_corners
ncaa_basketball__ncaa_basketball_IB-_u4gW3ds__s00__f001819,ncaa_basketball__ncaa_basketball_IB-_u4gW3ds,ncaa_basketball__ncaa_basketball_IB-_u4gW3ds.mp4,0,1819,4,1
ncaa_basketball__ncaa_basketball_IB-_u4gW3ds__s01__f002206,ncaa_basketball__ncaa_basketball_IB-_u4gW3ds,ncaa_basketball__ncaa_basketball_IB-_u4gW3ds.mp4,1,2206,0,0
ncaa_basketball__ncaa_basketball_IB-_u4gW3ds__s02__f004996,ncaa_basketball__ncaa_basketball_IB-_u4gW3ds,ncaa_basketball__ncaa_basketball_IB-_u4gW3ds.mp4,2,4996,0,0
ncaa_basketball__ncaa_basketball_IB-_u4gW3ds__s03__f007587,ncaa_basketball__ncaa_basketball_IB-_u4gW3ds,ncaa_basketball__ncaa_basketball_IB-_u4gW3ds.mp4,3,7587,4,1
ncaa_basketball__ncaa_basketball_IB-_u4gW3ds__s04__f009312,ncaa_basketball__ncaa_basketball_IB-_u4gW3ds,ncaa_basketball__ncaa_basketball_IB-_u4gW3ds.mp4,4,9312,0,0
ncaa_basketball__ncaa_basketball_IB-_u4gW3ds__s05__f011205,ncaa_basketball__ncaa_basketball_IB-_u4gW3ds,ncaa_basketball__ncaa_basketball_IB-_u4gW3ds.mp4,5,11205,4,1
ncaa_basketball__ncaa_basketball_IB-_u4gW3ds__s06__f012333,ncaa_basketball__ncaa_basketball_IB-_u4gW3ds,ncaa_basketball__ncaa_basketball_IB-_u4gW3ds.mp4,6,12333,4,1
ncaa_basketball__ncaa_basketball_IB-_u4gW3ds__s07__f013534,ncaa_basketball__ncaa_basketball_IB-_u4gW3ds,ncaa_basketball__ncaa_basketball_IB-_u4gW3ds.mp4,7,13534,4,1
ncaa_basketball__ncaa_basketball_IB-_u4gW3ds__s08__f017086,ncaa_basketball__ncaa_basketball_IB-_u4gW3ds,ncaa_basketball__ncaa_basketball_IB-_u4gW3ds.mp4,8,17086,0,0
ncaa_basketball__ncaa_basketball_IB-_u4gW3ds__s09__f018914,ncaa_basketball__ncaa_basketball_IB-_u4gW3ds,ncaa_basketball__ncaa_basketball_IB-_u4gW3ds.mp4,9,18914,0,0
ncaa_basketball__ncaa_basketball_IB-_u4gW3ds__s10__f019529,ncaa_basketball__ncaa_basketball_IB-_u4gW3ds,ncaa_basketball__ncaa_basketball_IB-_u4gW3ds.mp4,10,19529,4,1
ncaa_basketball__ncaa_basketball_IB-_u4gW3ds__s11__f022318,ncaa_basketball__ncaa_basketball_IB-_u4gW3ds,ncaa_basketball__ncaa_basketball_IB-_u4gW3ds.mp4,11,22318,4,1
ncaa_basketball__ncaa_basketball_IB-_u4gW3ds__s12__f023580,ncaa_basketball__ncaa_basketball_IB-_u4gW3ds,ncaa_basketball__ncaa_basketball_IB-_u4gW3ds.mp4,12,23580,0,0
ncaa_basketball__ncaa_basketball_IB-_u4gW3ds__s13__f025545,ncaa_basketball__ncaa_basketball_IB-_u4gW3ds,ncaa_basketball__ncaa_basketball_IB-_u4gW3ds.mp4,13,25545,4,1
ncaa_basketball__ncaa_basketball_IB-_u4gW3ds__s14__f028171,ncaa_basketball__ncaa_basketball_IB-_u4gW3ds,ncaa_basketball__ncaa_basketball_IB-_u4gW3ds.mp4,14,28171,4,1
ncaa_basketball__ncaa_basketball_IB-_u4gW3ds_1080p__s00__f001004,ncaa_basketball__ncaa_basketball_IB-_u4gW3ds_1080p,ncaa_basketball__ncaa_basketball_IB-_u4gW3ds_1080p.mp4,0,1004,0,0
ncaa_basketball__ncaa_basketball_IB-_u4gW3ds_1080p__s01__f001863,ncaa_basketball__ncaa_basketball_IB-_u4gW3ds_1080p,ncaa_basketball__ncaa_basketball_IB-_u4gW3ds_1080p.mp4,1,1863,4,1
ncaa_basketball__ncaa_basketball_IB-_u4gW3ds_1080p__s02__f003055,ncaa_basketball__ncaa_basketball_IB-_u4gW3ds_1080p,ncaa_basketball__ncaa_basketball_IB-_u4gW3ds_1080p.mp4,2,3055,4,1
ncaa_basketball__ncaa_basketball_IB-_u4gW3ds_1080p__s03__f003973,ncaa_basketball__ncaa_basketball_IB-_u4gW3ds_1080p,ncaa_basketball__ncaa_basketball_IB-_u4gW3ds_1080p.mp4,3,3973,4,1
ncaa_basketball__ncaa_basketball_IB-_u4gW3ds_1080p__s04__f006006,ncaa_basketball__ncaa_basketball_IB-_u4gW3ds_1080p,ncaa_basketball__ncaa_basketball_IB-_u4gW3ds_1080p.mp4,4,6006,4,1
ncaa_basketball__ncaa_basketball_IB-_u4gW3ds_1080p__s05__f006645,ncaa_basketball__ncaa_basketball_IB-_u4gW3ds_1080p,ncaa_basketball__ncaa_basketball_IB-_u4gW3ds_1080p.mp4,5,6645,4,1
ncaa_basketball__ncaa_basketball_IB-_u4gW3ds_1080p__s06__f007251,ncaa_basketball__ncaa_basketball_IB-_u4gW3ds_1080p,ncaa_basketball__ncaa_basketball_IB-_u4gW3ds_1080p.mp4,6,7251,0,0
ncaa_basketball__ncaa_basketball_IB-_u4gW3ds_1080p__s07__f009617,ncaa_basketball__ncaa_basketball_IB-_u4gW3ds_1080p,ncaa_basketball__ncaa_basketball_IB-_u4gW3ds_1080p.mp4,7,9617,0,0
ncaa_basketball__ncaa_basketball_IB-_u4gW3ds_1080p__s08__f010427,ncaa_basketball__ncaa_basketball_IB-_u4gW3ds_1080p,ncaa_basketball__ncaa_basketball_IB-_u4gW3ds_1080p.mp4,8,10427,0,0
ncaa_basketball__ncaa_basketball_IB-_u4gW3ds_1080p__s09__f011513,ncaa_basketball__ncaa_basketball_IB-_u4gW3ds_1080p,ncaa_basketball__ncaa_basketball_IB-_u4gW3ds_1080p.mp4,9,11513,4,1
ncaa_basketball__ncaa_basketball_IB-_u4gW3ds_1080p__s10__f012791,ncaa_basketball__ncaa_basketball_IB-_u4gW3ds_1080p,ncaa_basketball__ncaa_basketball_IB-_u4gW3ds_1080p.mp4,10,12791,0,0
ncaa_basketball__ncaa_basketball_IB-_u4gW3ds_1080p__s11__f014132,ncaa_basketball__ncaa_basketball_IB-_u4gW3ds_1080p,ncaa_basketball__ncaa_basketball_IB-_u4gW3ds_1080p.mp4,11,14132,4,1
ncaa_basketball__ncaa_basketball_IB-_u4gW3ds_1080p__s12__f014619,ncaa_basketball__ncaa_basketball_IB-_u4gW3ds_1080p,ncaa_basketball__ncaa_basketball_IB-_u4gW3ds_1080p.mp4,12,14619,0,0
ncaa_basketball__ncaa_basketball_IB-_u4gW3ds_1080p__s13__f015785,ncaa_basketball__ncaa_basketball_IB-_u4gW3ds_1080p,ncaa_basketball__ncaa_basketball_IB-_u4gW3ds_1080p.mp4,13,15785,4,1
ncaa_basketball__ncaa_basketball_IB-_u4gW3ds_1080p__s14__f017188,ncaa_basketball__ncaa_basketball_IB-_u4gW3ds_1080p,ncaa_basketball__ncaa_basketball_IB-_u4gW3ds_1080p.mp4,14,17188,0,0
ncaa_basketball__ncaa_basketball_WFl3V7ZY4ss__s00__f000414,ncaa_basketball__ncaa_basketball_WFl3V7ZY4ss,ncaa_basketball__ncaa_basketball_WFl3V7ZY4ss.mp4,0,414,0,0
ncaa_basketball__ncaa_basketball_WFl3V7ZY4ss__s01__f002297,ncaa_basketball__ncaa_basketball_WFl3V7ZY4ss,ncaa_basketball__ncaa_basketball_WFl3V7ZY4ss.mp4,1,2297,0,0
ncaa_basketball__ncaa_basketball_WFl3V7ZY4ss__s02__f003376,ncaa_basketball__ncaa_basketball_WFl3V7ZY4ss,ncaa_basketball__ncaa_basketball_WFl3V7ZY4ss.mp4,2,3376,0,0
ncaa_basketball__ncaa_basketball_WFl3V7ZY4ss__s03__f006535,ncaa_basketball__ncaa_basketball_WFl3V7ZY4ss,ncaa_basketball__ncaa_basketball_WFl3V7ZY4ss.mp4,3,6535,0,0
ncaa_basketball__ncaa_basketball_WFl3V7ZY4ss__s04__f007978,ncaa_basketball__ncaa_basketball_WFl3V7ZY4ss,ncaa_basketball__ncaa_basketball_WFl3V7ZY4ss.mp4,4,7978,0,0
ncaa_basketball__ncaa_basketball_WFl3V7ZY4ss__s05__f009296,ncaa_basketball__ncaa_basketball_WFl3V7ZY4ss,ncaa_basketball__ncaa_basketball_WFl3V7ZY4ss.mp4,5,9296,4,1
ncaa_basketball__ncaa_basketball_WFl3V7ZY4ss__s06__f010410,ncaa_basketball__ncaa_basketball_WFl3V7ZY4ss,ncaa_basketball__ncaa_basketball_WFl3V7ZY4ss.mp4,6,10410,4,1
ncaa_basketball__ncaa_basketball_WFl3V7ZY4ss__s07__f013379,ncaa_basketball__ncaa_basketball_WFl3V7ZY4ss,ncaa_basketball__ncaa_basketball_WFl3V7ZY4ss.mp4,7,13379,0,0
ncaa_basketball__ncaa_basketball_WFl3V7ZY4ss__s08__f014801,ncaa_basketball__ncaa_basketball_WFl3V7ZY4ss,ncaa_basketball__ncaa_basketball_WFl3V7ZY4ss.mp4,8,14801,4,1
ncaa_basketball__ncaa_basketball_WFl3V7ZY4ss__s09__f015206,ncaa_basketball__ncaa_basketball_WFl3V7ZY4ss,ncaa_basketball__ncaa_basketball_WFl3V7ZY4ss.mp4,9,15206,0,0
ncaa_basketball__ncaa_basketball_WFl3V7ZY4ss__s10__f017253,ncaa_basketball__ncaa_basketball_WFl3V7ZY4ss,ncaa_basketball__ncaa_basketball_WFl3V7ZY4ss.mp4,10,17253,4,1
ncaa_basketball__ncaa_basketball_WFl3V7ZY4ss__s11__f019778,ncaa_basketball__ncaa_basketball_WFl3V7ZY4ss,ncaa_basketball__ncaa_basketball_WFl3V7ZY4ss.mp4,11,19778,0,0
ncaa_basketball__ncaa_basketball_WFl3V7ZY4ss__s12__f021701,ncaa_basketball__ncaa_basketball_WFl3V7ZY4ss,ncaa_basketball__ncaa_basketball_WFl3V7ZY4ss.mp4,12,21701,0,0
ncaa_basketball__ncaa_basketball_WFl3V7ZY4ss__s13__f023248,ncaa_basketball__ncaa_basketball_WFl3V7ZY4ss,ncaa_basketball__ncaa_basketball_WFl3V7ZY4ss.mp4,13,23248,0,0
ncaa_basketball__ncaa_basketball_WFl3V7ZY4ss__s14__f024440,ncaa_basketball__ncaa_basketball_WFl3V7ZY4ss,ncaa_basketball__ncaa_basketball_WFl3V7ZY4ss.mp4,14,24440,0,0
ncaa_basketball__ncaa_basketball_mRkuGgeECak__s00__f000201,ncaa_basketball__ncaa_basketball_mRkuGgeECak,ncaa_basketball__ncaa_basketball_mRkuGgeECak.mp4,0,201,0,0
ncaa_basketball__ncaa_basketball_mRkuGgeECak__s01__f002621,ncaa_basketball__ncaa_basketball_mRkuGgeECak,ncaa_basketball__ncaa_basketball_mRkuGgeECak.mp4,1,2621,0,0
ncaa_basketball__ncaa_basketball_mRkuGgeECak__s02__f005098,ncaa_basketball__ncaa_basketball_mRkuGgeECak,ncaa_basketball__ncaa_basketball_mRkuGgeECak.mp4,2,5098,0,0
ncaa_basketball__ncaa_basketball_mRkuGgeECak__s03__f007065,ncaa_basketball__ncaa_basketball_mRkuGgeECak,ncaa_basketball__ncaa_basketball_mRkuGgeECak.mp4,3,7065,0,0
ncaa_basketball__ncaa_basketball_mRkuGgeECak__s04__f008393,ncaa_basketball__ncaa_basketball_mRkuGgeECak,ncaa_basketball__ncaa_basketball_mRkuGgeECak.mp4,4,8393,0,0
ncaa_basketball__ncaa_basketball_mRkuGgeECak__s05__f011454,ncaa_basketball__ncaa_basketball_mRkuGgeECak,ncaa_basketball__ncaa_basketball_mRkuGgeECak.mp4,5,11454,4,1
ncaa_basketball__ncaa_basketball_mRkuGgeECak__s06__f013035,ncaa_basketball__ncaa_basketball_mRkuGgeECak,ncaa_basketball__ncaa_basketball_mRkuGgeECak.mp4,6,13035,4,1
ncaa_basketball__ncaa_basketball_mRkuGgeECak__s07__f014643,ncaa_basketball__ncaa_basketball_mRkuGgeECak,ncaa_basketball__ncaa_basketball_mRkuGgeECak.mp4,7,14643,4,1
ncaa_basketball__ncaa_basketball_mRkuGgeECak__s08__f016871,ncaa_basketball__ncaa_basketball_mRkuGgeECak,ncaa_basketball__ncaa_basketball_mRkuGgeECak.mp4,8,16871,4,1
ncaa_basketball__ncaa_basketball_mRkuGgeECak__s09__f017391,ncaa_basketball__ncaa_basketball_mRkuGgeECak,ncaa_basketball__ncaa_basketball_mRkuGgeECak.mp4,9,17391,4,1
ncaa_basketball__ncaa_basketball_mRkuGgeECak__s10__f020136,ncaa_basketball__ncaa_basketball_mRkuGgeECak,ncaa_basketball__ncaa_basketball_mRkuGgeECak.mp4,10,20136,0,0
ncaa_basketball__ncaa_basketball_mRkuGgeECak__s11__f022894,ncaa_basketball__ncaa_basketball_mRkuGgeECak,ncaa_basketball__ncaa_basketball_mRkuGgeECak.mp4,11,22894,0,0
ncaa_basketball__ncaa_basketball_mRkuGgeECak__s12__f024686,ncaa_basketball__ncaa_basketball_mRkuGgeECak,ncaa_basketball__ncaa_basketball_mRkuGgeECak.mp4,12,24686,0,0
ncaa_basketball__ncaa_basketball_mRkuGgeECak__s13__f025790,ncaa_basketball__ncaa_basketball_mRkuGgeECak,ncaa_basketball__ncaa_basketball_mRkuGgeECak.mp4,13,25790,4,1
ncaa_basketball__ncaa_basketball_mRkuGgeECak__s14__f028400,ncaa_basketball__ncaa_basketball_mRkuGgeECak,ncaa_basketball__ncaa_basketball_mRkuGgeECak.mp4,14,28400,4,1
ncaa_basketball__ncaa_basketball_sRtHQbywiTE__s00__f000060,ncaa_basketball__ncaa_basketball_sRtHQbywiTE,ncaa_basketball__ncaa_basketball_sRtHQbywiTE.mp4,0,60,4,1
ncaa_basketball__ncaa_basketball_sRtHQbywiTE__s01__f002899,ncaa_basketball__ncaa_basketball_sRtHQbywiTE,ncaa_basketball__ncaa_basketball_sRtHQbywiTE.mp4,1,2899,0,0
ncaa_basketball__ncaa_basketball_sRtHQbywiTE__s02__f005032,ncaa_basketball__ncaa_basketball_sRtHQbywiTE,ncaa_basketball__ncaa_basketball_sRtHQbywiTE.mp4,2,5032,0,0
ncaa_basketball__ncaa_basketball_sRtHQbywiTE__s03__f006925,ncaa_basketball__ncaa_basketball_sRtHQbywiTE,ncaa_basketball__ncaa_basketball_sRtHQbywiTE.mp4,3,6925,4,1
ncaa_basketball__ncaa_basketball_sRtHQbywiTE__s04__f009094,ncaa_basketball__ncaa_basketball_sRtHQbywiTE,ncaa_basketball__ncaa_basketball_sRtHQbywiTE.mp4,4,9094,0,0
ncaa_basketball__ncaa_basketball_sRtHQbywiTE__s05__f010932,ncaa_basketball__ncaa_basketball_sRtHQbywiTE,ncaa_basketball__ncaa_basketball_sRtHQbywiTE.mp4,5,10932,4,1
ncaa_basketball__ncaa_basketball_sRtHQbywiTE__s06__f013269,ncaa_basketball__ncaa_basketball_sRtHQbywiTE,ncaa_basketball__ncaa_basketball_sRtHQbywiTE.mp4,6,13269,4,1
ncaa_basketball__ncaa_basketball_sRtHQbywiTE__s07__f013683,ncaa_basketball__ncaa_basketball_sRtHQbywiTE,ncaa_basketball__ncaa_basketball_sRtHQbywiTE.mp4,7,13683,4,1
ncaa_basketball__ncaa_basketball_sRtHQbywiTE__s08__f016060,ncaa_basketball__ncaa_basketball_sRtHQbywiTE,ncaa_basketball__ncaa_basketball_sRtHQbywiTE.mp4,8,16060,0,0
ncaa_basketball__ncaa_basketball_sRtHQbywiTE__s09__f018566,ncaa_basketball__ncaa_basketball_sRtHQbywiTE,ncaa_basketball__ncaa_basketball_sRtHQbywiTE.mp4,9,18566,4,1
ncaa_basketball__ncaa_basketball_sRtHQbywiTE__s10__f019311,ncaa_basketball__ncaa_basketball_sRtHQbywiTE,ncaa_basketball__ncaa_basketball_sRtHQbywiTE.mp4,10,19311,0,0
ncaa_basketball__ncaa_basketball_sRtHQbywiTE__s11__f023121,ncaa_basketball__ncaa_basketball_sRtHQbywiTE,ncaa_basketball__ncaa_basketball_sRtHQbywiTE.mp4,11,23121,4,1
ncaa_basketball__ncaa_basketball_sRtHQbywiTE__s12__f024864,ncaa_basketball__ncaa_basketball_sRtHQbywiTE,ncaa_basketball__ncaa_basketball_sRtHQbywiTE.mp4,12,24864,0,0
ncaa_basketball__ncaa_basketball_sRtHQbywiTE__s13__f026592,ncaa_basketball__ncaa_basketball_sRtHQbywiTE,ncaa_basketball__ncaa_basketball_sRtHQbywiTE.mp4,13,26592,0,0
ncaa_basketball__ncaa_basketball_sRtHQbywiTE__s14__f028177,ncaa_basketball__ncaa_basketball_sRtHQbywiTE,ncaa_basketball__ncaa_basketball_sRtHQbywiTE.mp4,14,28177,4,1
ncaa_basketball__ncaa_basketball_tiUvyvWOCxo__s00__f000965,ncaa_basketball__ncaa_basketball_tiUvyvWOCxo,ncaa_basketball__ncaa_basketball_tiUvyvWOCxo.mp4,0,965,4,1
ncaa_basketball__ncaa_basketball_tiUvyvWOCxo__s01__f002920,ncaa_basketball__ncaa_basketball_tiUvyvWOCxo,ncaa_basketball__ncaa_basketball_tiUvyvWOCxo.mp4,1,2920,4,1
ncaa_basketball__ncaa_basketball_tiUvyvWOCxo__s02__f004468,ncaa_basketball__ncaa_basketball_tiUvyvWOCxo,ncaa_basketball__ncaa_basketball_tiUvyvWOCxo.mp4,2,4468,0,0
ncaa_basketball__ncaa_basketball_tiUvyvWOCxo__s03__f005846,ncaa_basketball__ncaa_basketball_tiUvyvWOCxo,ncaa_basketball__ncaa_basketball_tiUvyvWOCxo.mp4,3,5846,0,0
ncaa_basketball__ncaa_basketball_tiUvyvWOCxo__s04__f008415,ncaa_basketball__ncaa_basketball_tiUvyvWOCxo,ncaa_basketball__ncaa_basketball_tiUvyvWOCxo.mp4,4,8415,4,1
ncaa_basketball__ncaa_basketball_tiUvyvWOCxo__s05__f009862,ncaa_basketball__ncaa_basketball_tiUvyvWOCxo,ncaa_basketball__ncaa_basketball_tiUvyvWOCxo.mp4,5,9862,0,0
ncaa_basketball__ncaa_basketball_tiUvyvWOCxo__s06__f012251,ncaa_basketball__ncaa_basketball_tiUvyvWOCxo,ncaa_basketball__ncaa_basketball_tiUvyvWOCxo.mp4,6,12251,0,0
ncaa_basketball__ncaa_basketball_tiUvyvWOCxo__s07__f014477,ncaa_basketball__ncaa_basketball_tiUvyvWOCxo,ncaa_basketball__ncaa_basketball_tiUvyvWOCxo.mp4,7,14477,0,0
ncaa_basketball__ncaa_basketball_tiUvyvWOCxo__s08__f016652,ncaa_basketball__ncaa_basketball_tiUvyvWOCxo,ncaa_basketball__ncaa_basketball_tiUvyvWOCxo.mp4,8,16652,0,0
ncaa_basketball__ncaa_basketball_tiUvyvWOCxo__s09__f018255,ncaa_basketball__ncaa_basketball_tiUvyvWOCxo,ncaa_basketball__ncaa_basketball_tiUvyvWOCxo.mp4,9,18255,0,0
ncaa_basketball__ncaa_basketball_tiUvyvWOCxo__s10__f021009,ncaa_basketball__ncaa_basketball_tiUvyvWOCxo,ncaa_basketball__ncaa_basketball_tiUvyvWOCxo.mp4,10,21009,0,0
ncaa_basketball__ncaa_basketball_tiUvyvWOCxo__s11__f022570,ncaa_basketball__ncaa_basketball_tiUvyvWOCxo,ncaa_basketball__ncaa_basketball_tiUvyvWOCxo.mp4,11,22570,0,0
ncaa_basketball__ncaa_basketball_tiUvyvWOCxo__s12__f023704,ncaa_basketball__ncaa_basketball_tiUvyvWOCxo,ncaa_basketball__ncaa_basketball_tiUvyvWOCxo.mp4,12,23704,4,1
ncaa_basketball__ncaa_basketball_tiUvyvWOCxo__s13__f025958,ncaa_basketball__ncaa_basketball_tiUvyvWOCxo,ncaa_basketball__ncaa_basketball_tiUvyvWOCxo.mp4,13,25958,4,1
ncaa_basketball__ncaa_basketball_tiUvyvWOCxo__s14__f027585,ncaa_basketball__ncaa_basketball_tiUvyvWOCxo,ncaa_basketball__ncaa_basketball_tiUvyvWOCxo.mp4,14,27585,0,0
ncaa_basketball__ncaa_basketball_zqBCKovJCQU__s00__f000823,ncaa_basketball__ncaa_basketball_zqBCKovJCQU,ncaa_basketball__ncaa_basketball_zqBCKovJCQU.mp4,0,823,4,1
ncaa_basketball__ncaa_basketball_zqBCKovJCQU__s01__f002601,ncaa_basketball__ncaa_basketball_zqBCKovJCQU,ncaa_basketball__ncaa_basketball_zqBCKovJCQU.mp4,1,2601,4,1
ncaa_basketball__ncaa_basketball_zqBCKovJCQU__s02__f005760,ncaa_basketball__ncaa_basketball_zqBCKovJCQU,ncaa_basketball__ncaa_basketball_zqBCKovJCQU.mp4,2,5760,4,1
ncaa_basketball__ncaa_basketball_zqBCKovJCQU__s03__f006726,ncaa_basketball__ncaa_basketball_zqBCKovJCQU,ncaa_basketball__ncaa_basketball_zqBCKovJCQU.mp4,3,6726,0,0
ncaa_basketball__ncaa_basketball_zqBCKovJCQU__s04__f007747,ncaa_basketball__ncaa_basketball_zqBCKovJCQU,ncaa_basketball__ncaa_basketball_zqBCKovJCQU.mp4,4,7747,4,1
ncaa_basketball__ncaa_basketball_zqBCKovJCQU__s05__f011401,ncaa_basketball__ncaa_basketball_zqBCKovJCQU,ncaa_basketball__ncaa_basketball_zqBCKovJCQU.mp4,5,11401,4,1
ncaa_basketball__ncaa_basketball_zqBCKovJCQU__s06__f012754,ncaa_basketball__ncaa_basketball_zqBCKovJCQU,ncaa_basketball__ncaa_basketball_zqBCKovJCQU.mp4,6,12754,0,0
ncaa_basketball__ncaa_basketball_zqBCKovJCQU__s07__f014269,ncaa_basketball__ncaa_basketball_zqBCKovJCQU,ncaa_basketball__ncaa_basketball_zqBCKovJCQU.mp4,7,14269,0,0
ncaa_basketball__ncaa_basketball_zqBCKovJCQU__s08__f015742,ncaa_basketball__ncaa_basketball_zqBCKovJCQU,ncaa_basketball__ncaa_basketball_zqBCKovJCQU.mp4,8,15742,0,0
ncaa_basketball__ncaa_basketball_zqBCKovJCQU__s09__f018557,ncaa_basketball__ncaa_basketball_zqBCKovJCQU,ncaa_basketball__ncaa_basketball_zqBCKovJCQU.mp4,9,18557,0,0
ncaa_basketball__ncaa_basketball_zqBCKovJCQU__s10__f020340,ncaa_basketball__ncaa_basketball_zqBCKovJCQU,ncaa_basketball__ncaa_basketball_zqBCKovJCQU.mp4,10,20340,4,1
ncaa_basketball__ncaa_basketball_zqBCKovJCQU__s11__f023105,ncaa_basketball__ncaa_basketball_zqBCKovJCQU,ncaa_basketball__ncaa_basketball_zqBCKovJCQU.mp4,11,23105,4,1
ncaa_basketball__ncaa_basketball_zqBCKovJCQU__s12__f023183,ncaa_basketball__ncaa_basketball_zqBCKovJCQU,ncaa_basketball__ncaa_basketball_zqBCKovJCQU.mp4,12,23183,0,0
ncaa_basketball__ncaa_basketball_zqBCKovJCQU__s13__f025722,ncaa_basketball__ncaa_basketball_zqBCKovJCQU,ncaa_basketball__ncaa_basketball_zqBCKovJCQU.mp4,13,25722,0,0
ncaa_basketball__ncaa_basketball_zqBCKovJCQU__s14__f028660,ncaa_basketball__ncaa_basketball_zqBCKovJCQU,ncaa_basketball__ncaa_basketball_zqBCKovJCQU.mp4,14,28660,4,1
wnba__wnba_01__s00__f001016,wnba__wnba_01,wnba__wnba_01.mp4,0,1016,4,1
wnba__wnba_01__s01__f002458,wnba__wnba_01,wnba__wnba_01.mp4,1,2458,4,1
wnba__wnba_01__s02__f005547,wnba__wnba_01,wnba__wnba_01.mp4,2,5547,0,0
wnba__wnba_01__s03__f005790,wnba__wnba_01,wnba__wnba_01.mp4,3,5790,0,0
wnba__wnba_01__s04__f009510,wnba__wnba_01,wnba__wnba_01.mp4,4,9510,4,1
wnba__wnba_01__s05__f010539,wnba__wnba_01,wnba__wnba_01.mp4,5,10539,0,0
wnba__wnba_01__s06__f012696,wnba__wnba_01,wnba__wnba_01.mp4,6,12696,4,1
wnba__wnba_01__s07__f014911,wnba__wnba_01,wnba__wnba_01.mp4,7,14911,0,0
wnba__wnba_01__s08__f015494,wnba__wnba_01,wnba__wnba_01.mp4,8,15494,4,1
wnba__wnba_01__s09__f018171,wnba__wnba_01,wnba__wnba_01.mp4,9,18171,4,1
wnba__wnba_01__s10__f019784,wnba__wnba_01,wnba__wnba_01.mp4,10,19784,0,0
wnba__wnba_01__s11__f022425,wnba__wnba_01,wnba__wnba_01.mp4,11,22425,0,0
wnba__wnba_01__s12__f023718,wnba__wnba_01,wnba__wnba_01.mp4,12,23718,4,1
wnba__wnba_01__s13__f025957,wnba__wnba_01,wnba__wnba_01.mp4,13,25957,0,0
wnba__wnba_01__s14__f027792,wnba__wnba_01,wnba__wnba_01.mp4,14,27792,4,1
wnba__wnba_01_1080p__s00__f001031,wnba__wnba_01_1080p,wnba__wnba_01_1080p.mp4,0,1031,4,1
wnba__wnba_01_1080p__s01__f001600,wnba__wnba_01_1080p,wnba__wnba_01_1080p.mp4,1,1600,4,1
wnba__wnba_01_1080p__s02__f003425,wnba__wnba_01_1080p,wnba__wnba_01_1080p.mp4,2,3425,0,0
wnba__wnba_01_1080p__s03__f004062,wnba__wnba_01_1080p,wnba__wnba_01_1080p.mp4,3,4062,4,1
wnba__wnba_01_1080p__s04__f005026,wnba__wnba_01_1080p,wnba__wnba_01_1080p.mp4,4,5026,0,0
wnba__wnba_01_1080p__s05__f006446,wnba__wnba_01_1080p,wnba__wnba_01_1080p.mp4,5,6446,0,0
wnba__wnba_01_1080p__s06__f007539,wnba__wnba_01_1080p,wnba__wnba_01_1080p.mp4,6,7539,4,1
wnba__wnba_01_1080p__s07__f008885,wnba__wnba_01_1080p,wnba__wnba_01_1080p.mp4,7,8885,0,0
wnba__wnba_01_1080p__s08__f009789,wnba__wnba_01_1080p,wnba__wnba_01_1080p.mp4,8,9789,0,0
wnba__wnba_01_1080p__s09__f011177,wnba__wnba_01_1080p,wnba__wnba_01_1080p.mp4,9,11177,0,0
wnba__wnba_01_1080p__s10__f012399,wnba__wnba_01_1080p,wnba__wnba_01_1080p.mp4,10,12399,4,1
wnba__wnba_01_1080p__s11__f014213,wnba__wnba_01_1080p,wnba__wnba_01_1080p.mp4,11,14213,4,1
wnba__wnba_01_1080p__s12__f014501,wnba__wnba_01_1080p,wnba__wnba_01_1080p.mp4,12,14501,0,0
wnba__wnba_01_1080p__s13__f015660,wnba__wnba_01_1080p,wnba__wnba_01_1080p.mp4,13,15660,0,0
wnba__wnba_01_1080p__s14__f017809,wnba__wnba_01_1080p,wnba__wnba_01_1080p.mp4,14,17809,4,1
wnba__wnba_02__s00__f001257,wnba__wnba_02,wnba__wnba_02.mp4,0,1257,0,0
wnba__wnba_02__s01__f003127,wnba__wnba_02,wnba__wnba_02.mp4,1,3127,0,0
wnba__wnba_02__s02__f004088,wnba__wnba_02,wnba__wnba_02.mp4,2,4088,0,0
wnba__wnba_02__s03__f006537,wnba__wnba_02,wnba__wnba_02.mp4,3,6537,0,0
wnba__wnba_02__s04__f009281,wnba__wnba_02,wnba__wnba_02.mp4,4,9281,0,0
wnba__wnba_02__s05__f011030,wnba__wnba_02,wnba__wnba_02.mp4,5,11030,0,0
wnba__wnba_02__s06__f012134,wnba__wnba_02,wnba__wnba_02.mp4,6,12134,0,0
wnba__wnba_02__s07__f015194,wnba__wnba_02,wnba__wnba_02.mp4,7,15194,0,0
wnba__wnba_02__s08__f017225,wnba__wnba_02,wnba__wnba_02.mp4,8,17225,0,0
wnba__wnba_02__s09__f018845,wnba__wnba_02,wnba__wnba_02.mp4,9,18845,0,0
wnba__wnba_02__s10__f019479,wnba__wnba_02,wnba__wnba_02.mp4,10,19479,0,0
wnba__wnba_02__s11__f021983,wnba__wnba_02,wnba__wnba_02.mp4,11,21983,4,1
wnba__wnba_02__s12__f024706,wnba__wnba_02,wnba__wnba_02.mp4,12,24706,0,0
wnba__wnba_02__s13__f025661,wnba__wnba_02,wnba__wnba_02.mp4,13,25661,0,0
wnba__wnba_02__s14__f028583,wnba__wnba_02,wnba__wnba_02.mp4,14,28583,4,1
wnba__wnba_04__s00__f000388,wnba__wnba_04,wnba__wnba_04.mp4,0,388,0,0
wnba__wnba_04__s01__f003208,wnba__wnba_04,wnba__wnba_04.mp4,1,3208,0,0
wnba__wnba_04__s02__f005607,wnba__wnba_04,wnba__wnba_04.mp4,2,5607,0,0
wnba__wnba_04__s03__f007241,wnba__wnba_04,wnba__wnba_04.mp4,3,7241,4,1
wnba__wnba_04__s04__f008880,wnba__wnba_04,wnba__wnba_04.mp4,4,8880,0,0
wnba__wnba_04__s05__f011340,wnba__wnba_04,wnba__wnba_04.mp4,5,11340,4,1
wnba__wnba_04__s06__f012223,wnba__wnba_04,wnba__wnba_04.mp4,6,12223,4,1
wnba__wnba_04__s07__f014123,wnba__wnba_04,wnba__wnba_04.mp4,7,14123,4,1
wnba__wnba_04__s08__f016720,wnba__wnba_04,wnba__wnba_04.mp4,8,16720,0,0
wnba__wnba_04__s09__f019061,wnba__wnba_04,wnba__wnba_04.mp4,9,19061,4,1
wnba__wnba_04__s10__f019435,wnba__wnba_04,wnba__wnba_04.mp4,10,19435,4,1
wnba__wnba_04__s11__f021190,wnba__wnba_04,wnba__wnba_04.mp4,11,21190,0,0
wnba__wnba_04__s12__f023214,wnba__wnba_04,wnba__wnba_04.mp4,12,23214,4,1
wnba__wnba_04__s13__f026648,wnba__wnba_04,wnba__wnba_04.mp4,13,26648,4,1
wnba__wnba_04__s14__f027871,wnba__wnba_04,wnba__wnba_04.mp4,14,27871,0,0
wnba__wnba_05__s00__f000232,wnba__wnba_05,wnba__wnba_05.mp4,0,232,0,0
wnba__wnba_05__s01__f001932,wnba__wnba_05,wnba__wnba_05.mp4,1,1932,4,1
wnba__wnba_05__s02__f004682,wnba__wnba_05,wnba__wnba_05.mp4,2,4682,4,1
wnba__wnba_05__s03__f006549,wnba__wnba_05,wnba__wnba_05.mp4,3,6549,4,1
wnba__wnba_05__s04__f009462,wnba__wnba_05,wnba__wnba_05.mp4,4,9462,4,1
wnba__wnba_05__s05__f011427,wnba__wnba_05,wnba__wnba_05.mp4,5,11427,4,1
wnba__wnba_05__s06__f011839,wnba__wnba_05,wnba__wnba_05.mp4,6,11839,4,1
wnba__wnba_05__s07__f015289,wnba__wnba_05,wnba__wnba_05.mp4,7,15289,4,1
wnba__wnba_05__s08__f016997,wnba__wnba_05,wnba__wnba_05.mp4,8,16997,4,1
wnba__wnba_05__s09__f017746,wnba__wnba_05,wnba__wnba_05.mp4,9,17746,0,0
wnba__wnba_05__s10__f019936,wnba__wnba_05,wnba__wnba_05.mp4,10,19936,4,1
wnba__wnba_05__s11__f022571,wnba__wnba_05,wnba__wnba_05.mp4,11,22571,0,0
wnba__wnba_05__s12__f023456,wnba__wnba_05,wnba__wnba_05.mp4,12,23456,4,1
wnba__wnba_05__s13__f025829,wnba__wnba_05,wnba__wnba_05.mp4,13,25829,4,1
wnba__wnba_05__s14__f026913,wnba__wnba_05,wnba__wnba_05.mp4,14,26913,0,0
wnba__wnba_06__s00__f000221,wnba__wnba_06,wnba__wnba_06.mp4,0,221,4,1
wnba__wnba_06__s01__f003313,wnba__wnba_06,wnba__wnba_06.mp4,1,3313,0,0
wnba__wnba_06__s02__f004920,wnba__wnba_06,wnba__wnba_06.mp4,2,4920,0,0
wnba__wnba_06__s03__f007237,wnba__wnba_06,wnba__wnba_06.mp4,3,7237,4,1
wnba__wnba_06__s04__f008424,wnba__wnba_06,wnba__wnba_06.mp4,4,8424,0,0
wnba__wnba_06__s05__f010018,wnba__wnba_06,wnba__wnba_06.mp4,5,10018,0,0
wnba__wnba_06__s06__f012506,wnba__wnba_06,wnba__wnba_06.mp4,6,12506,0,0
wnba__wnba_06__s07__f014099,wnba__wnba_06,wnba__wnba_06.mp4,7,14099,4,1
wnba__wnba_06__s08__f015650,wnba__wnba_06,wnba__wnba_06.mp4,8,15650,0,0
wnba__wnba_06__s09__f018997,wnba__wnba_06,wnba__wnba_06.mp4,9,18997,4,1
wnba__wnba_06__s10__f019745,wnba__wnba_06,wnba__wnba_06.mp4,10,19745,0,0
wnba__wnba_06__s11__f021935,wnba__wnba_06,wnba__wnba_06.mp4,11,21935,0,0
wnba__wnba_06__s12__f023949,wnba__wnba_06,wnba__wnba_06.mp4,12,23949,0,0
wnba__wnba_06__s13__f025384,wnba__wnba_06,wnba__wnba_06.mp4,13,25384,0,0
wnba__wnba_06__s14__f027993,wnba__wnba_06,wnba__wnba_06.mp4,14,27993,4,1
wnba__wnba_07__s00__f001048,wnba__wnba_07,wnba__wnba_07.mp4,0,1048,0,0
wnba__wnba_07__s01__f003355,wnba__wnba_07,wnba__wnba_07.mp4,1,3355,4,1
wnba__wnba_07__s02__f005057,wnba__wnba_07,wnba__wnba_07.mp4,2,5057,0,0
wnba__wnba_07__s03__f006702,wnba__wnba_07,wnba__wnba_07.mp4,3,6702,4,1
wnba__wnba_07__s04__f008550,wnba__wnba_07,wnba__wnba_07.mp4,4,8550,0,0
wnba__wnba_07__s05__f010417,wnba__wnba_07,wnba__wnba_07.mp4,5,10417,4,1
wnba__wnba_07__s06__f012137,wnba__wnba_07,wnba__wnba_07.mp4,6,12137,0,0
wnba__wnba_07__s07__f013759,wnba__wnba_07,wnba__wnba_07.mp4,7,13759,0,0
wnba__wnba_07__s08__f016801,wnba__wnba_07,wnba__wnba_07.mp4,8,16801,4,1
wnba__wnba_07__s09__f017868,wnba__wnba_07,wnba__wnba_07.mp4,9,17868,0,0
wnba__wnba_07__s10__f019853,wnba__wnba_07,wnba__wnba_07.mp4,10,19853,0,0
wnba__wnba_07__s11__f022686,wnba__wnba_07,wnba__wnba_07.mp4,11,22686,4,1
wnba__wnba_07__s12__f024985,wnba__wnba_07,wnba__wnba_07.mp4,12,24985,4,1
wnba__wnba_07__s13__f025027,wnba__wnba_07,wnba__wnba_07.mp4,13,25027,4,1
wnba__wnba_07__s14__f028285,wnba__wnba_07,wnba__wnba_07.mp4,14,28285,0,0
